,date,sample_size,positive_cases,male,female,recoveries,deaths,nairobi,mombasa,vihiga,kiambu,kisii,bungoma,nyamira,kakamega,kisumu,busia,kirinyaga,murang'a,bomet,migori,trans-nzoia,siaya,uasin_gishu,kericho,homa_bay,nyeri,nandi,nakuru,machakos,embu,meru,nyandarua,tharaka-nithi,elgeyo-marakwet,makueni,kilifi,kwale,west_pokot,narok,baringo,laikipia,kajiado,kitui,mandera,lamu,taitaâ€“taveta,garissa,samburu,wajir,turkana,isiolo,tana_river,marsabit,deaths,month,year
0,2020-03-12,21,1.0,0.0,1.0,0.0,0.0,1.0,0.0,0.0,0.0,0.0,0.0,0.0,0.0,0.0,0.0,0.0,0.0,0.0,0.0,0.0,0.0,0.0,0.0,0.0,0.0,0.0,0.0,0.0,0.0,0.0,0.0,0.0,0.0,0.0,0.0,0.0,0.0,0.0,0.0,0.0,0.0,0.0,0.0,0.0,0.0,0.0,0.0,0.0,0.0,0.0,0.0,0.0,0.0,March,2020
1,2020-03-13,20,0.0,0.0,0.0,0.0,0.0,0.0,0.0,0.0,0.0,0.0,0.0,0.0,0.0,0.0,0.0,0.0,0.0,0.0,0.0,0.0,0.0,0.0,0.0,0.0,0.0,0.0,0.0,0.0,0.0,0.0,0.0,0.0,0.0,0.0,0.0,0.0,0.0,0.0,0.0,0.0,0.0,0.0,0.0,0.0,0.0,0.0,0.0,0.0,0.0,0.0,0.0,0.0,0.0,March,2020
2,2020-03-14,20,0.0,0.0,0.0,0.0,0.0,0.0,0.0,0.0,0.0,0.0,0.0,0.0,0.0,0.0,0.0,0.0,0.0,0.0,0.0,0.0,0.0,0.0,0.0,0.0,0.0,0.0,0.0,0.0,0.0,0.0,0.0,0.0,0.0,0.0,0.0,0.0,0.0,0.0,0.0,0.0,0.0,0.0,0.0,0.0,0.0,0.0,0.0,0.0,0.0,0.0,0.0,0.0,0.0,March,2020
3,2020-03-15,30,2.0,2.0,0.0,0.0,0.0,2.0,0.0,0.0,0.0,0.0,0.0,0.0,0.0,0.0,0.0,0.0,0.0,0.0,0.0,0.0,0.0,0.0,0.0,0.0,0.0,0.0,0.0,0.0,0.0,0.0,0.0,0.0,0.0,0.0,0.0,0.0,0.0,0.0,0.0,0.0,0.0,0.0,0.0,0.0,0.0,0.0,0.0,0.0,0.0,0.0,0.0,0.0,0.0,March,2020
4,2020-03-16,10,0.0,0.0,0.0,0.0,0.0,0.0,0.0,0.0,0.0,0.0,0.0,0.0,0.0,0.0,0.0,0.0,0.0,0.0,0.0,0.0,0.0,0.0,0.0,0.0,0.0,0.0,0.0,0.0,0.0,0.0,0.0,0.0,0.0,0.0,0.0,0.0,0.0,0.0,0.0,0.0,0.0,0.0,0.0,0.0,0.0,0.0,0.0,0.0,0.0,0.0,0.0,0.0,0.0,March,2020
5,2020-03-17,43,1.0,1.0,0.0,0.0,0.0,1.0,0.0,0.0,0.0,0.0,0.0,0.0,0.0,0.0,0.0,0.0,0.0,0.0,0.0,0.0,0.0,0.0,0.0,0.0,0.0,0.0,0.0,0.0,0.0,0.0,0.0,0.0,0.0,0.0,0.0,0.0,0.0,0.0,0.0,0.0,0.0,0.0,0.0,0.0,0.0,0.0,0.0,0.0,0.0,0.0,0.0,0.0,0.0,March,2020
6,2020-03-18,74,3.0,2.0,1.0,0.0,0.0,3.0,0.0,0.0,0.0,0.0,0.0,0.0,0.0,0.0,0.0,0.0,0.0,0.0,0.0,0.0,0.0,0.0,0.0,0.0,0.0,0.0,0.0,0.0,0.0,0.0,0.0,0.0,0.0,0.0,0.0,0.0,0.0,0.0,0.0,0.0,0.0,0.0,0.0,0.0,0.0,0.0,0.0,0.0,0.0,0.0,0.0,0.0,0.0,March,2020
7,2020-03-19,40,0.0,0.0,0.0,0.0,0.0,0.0,0.0,0.0,0.0,0.0,0.0,0.0,0.0,0.0,0.0,0.0,0.0,0.0,0.0,0.0,0.0,0.0,0.0,0.0,0.0,0.0,0.0,0.0,0.0,0.0,0.0,0.0,0.0,0.0,0.0,0.0,0.0,0.0,0.0,0.0,0.0,0.0,0.0,0.0,0.0,0.0,0.0,0.0,0.0,0.0,0.0,0.0,0.0,March,2020
8,2020-03-20,45,0.0,0.0,0.0,0.0,0.0,0.0,0.0,0.0,0.0,0.0,0.0,0.0,0.0,0.0,0.0,0.0,0.0,0.0,0.0,0.0,0.0,0.0,0.0,0.0,0.0,0.0,0.0,0.0,0.0,0.0,0.0,0.0,0.0,0.0,0.0,0.0,0.0,0.0,0.0,0.0,0.0,0.0,0.0,0.0,0.0,0.0,0.0,0.0,0.0,0.0,0.0,0.0,0.0,March,2020
9,2020-03-21,91,8.0,5.0,3.0,0.0,0.0,8.0,0.0,0.0,0.0,0.0,0.0,0.0,0.0,0.0,0.0,0.0,0.0,0.0,0.0,0.0,0.0,0.0,0.0,0.0,0.0,0.0,0.0,0.0,0.0,0.0,0.0,0.0,0.0,0.0,0.0,0.0,0.0,0.0,0.0,0.0,0.0,0.0,0.0,0.0,0.0,0.0,0.0,0.0,0.0,0.0,0.0,0.0,0.0,March,2020
10,2020-03-22,7,0.0,0.0,0.0,0.0,0.0,0.0,0.0,0.0,0.0,0.0,0.0,0.0,0.0,0.0,0.0,0.0,0.0,0.0,0.0,0.0,0.0,0.0,0.0,0.0,0.0,0.0,0.0,0.0,0.0,0.0,0.0,0.0,0.0,0.0,0.0,0.0,0.0,0.0,0.0,0.0,0.0,0.0,0.0,0.0,0.0,0.0,0.0,0.0,0.0,0.0,0.0,0.0,0.0,March,2020
11,2020-03-23,40,1.0,0.0,1.0,0.0,0.0,1.0,0.0,0.0,0.0,0.0,0.0,0.0,0.0,0.0,0.0,0.0,0.0,0.0,0.0,0.0,0.0,0.0,0.0,0.0,0.0,0.0,0.0,0.0,0.0,0.0,0.0,0.0,0.0,0.0,0.0,0.0,0.0,0.0,0.0,0.0,0.0,0.0,0.0,0.0,0.0,0.0,0.0,0.0,0.0,0.0,0.0,0.0,0.0,March,2020
12,2020-03-24,102,9.0,5.0,4.0,0.0,0.0,3.0,2.0,0.0,0.0,0.0,0.0,0.0,0.0,0.0,0.0,0.0,0.0,0.0,0.0,0.0,0.0,0.0,0.0,0.0,0.0,0.0,0.0,0.0,0.0,0.0,0.0,0.0,0.0,0.0,4.0,0.0,0.0,0.0,0.0,0.0,0.0,0.0,0.0,0.0,0.0,0.0,0.0,0.0,0.0,0.0,0.0,0.0,0.0,March,2020
13,2020-03-25,72,0.0,0.0,0.0,0.0,0.0,0.0,0.0,0.0,0.0,0.0,0.0,0.0,0.0,0.0,0.0,0.0,0.0,0.0,0.0,0.0,0.0,0.0,0.0,0.0,0.0,0.0,0.0,0.0,0.0,0.0,0.0,0.0,0.0,0.0,0.0,0.0,0.0,0.0,0.0,0.0,0.0,0.0,0.0,0.0,0.0,0.0,0.0,0.0,0.0,0.0,0.0,0.0,0.0,March,2020
14,2020-03-26,74,3.0,0.0,3.0,0.0,0.0,1.0,0.0,0.0,0.0,0.0,0.0,0.0,0.0,0.0,0.0,0.0,0.0,0.0,0.0,0.0,0.0,0.0,0.0,0.0,0.0,0.0,0.0,0.0,0.0,0.0,0.0,0.0,0.0,0.0,2.0,0.0,0.0,0.0,0.0,0.0,0.0,0.0,0.0,0.0,0.0,0.0,0.0,0.0,0.0,0.0,0.0,0.0,0.0,March,2020
15,2020-03-27,85,3.0,2.0,1.0,1.0,0.0,1.0,0.0,0.0,0.0,0.0,0.0,0.0,0.0,0.0,0.0,0.0,0.0,0.0,0.0,0.0,0.0,0.0,0.0,0.0,0.0,0.0,0.0,0.0,0.0,0.0,0.0,0.0,0.0,0.0,0.0,1.0,0.0,0.0,0.0,0.0,1.0,0.0,0.0,0.0,0.0,0.0,0.0,0.0,0.0,0.0,0.0,0.0,0.0,March,2020
16,2020-03-28,181,7.0,4.0,3.0,2.0,0.0,7.0,0.0,0.0,0.0,0.0,0.0,0.0,0.0,0.0,0.0,0.0,0.0,0.0,0.0,0.0,0.0,0.0,0.0,0.0,0.0,0.0,0.0,0.0,0.0,0.0,0.0,0.0,0.0,0.0,0.0,0.0,0.0,0.0,0.0,0.0,0.0,0.0,0.0,0.0,0.0,0.0,0.0,0.0,0.0,0.0,0.0,0.0,0.0,March,2020
17,2020-03-29,169,4.0,3.0,1.0,0.0,0.0,3.0,1.0,0.0,0.0,0.0,0.0,0.0,0.0,0.0,0.0,0.0,0.0,0.0,0.0,0.0,0.0,0.0,0.0,0.0,0.0,0.0,0.0,0.0,0.0,0.0,0.0,0.0,0.0,0.0,0.0,0.0,0.0,0.0,0.0,0.0,0.0,0.0,0.0,0.0,0.0,0.0,0.0,0.0,0.0,0.0,0.0,0.0,0.0,March,2020
18,2020-03-30,172,8.0,2.0,6.0,0.0,0.0,6.0,1.0,0.0,0.0,0.0,0.0,0.0,0.0,0.0,0.0,0.0,0.0,0.0,0.0,0.0,0.0,0.0,0.0,0.0,0.0,0.0,0.0,0.0,0.0,0.0,0.0,0.0,0.0,0.0,0.0,0.0,0.0,0.0,0.0,0.0,0.0,1.0,0.0,0.0,0.0,0.0,0.0,0.0,0.0,0.0,0.0,0.0,0.0,March,2020
19,2020-03-31,234,9.0,7.0,2.0,0.0,1.0,9.0,0.0,0.0,0.0,0.0,0.0,0.0,0.0,0.0,0.0,0.0,0.0,0.0,0.0,0.0,0.0,0.0,0.0,0.0,0.0,0.0,0.0,0.0,0.0,0.0,0.0,0.0,0.0,0.0,0.0,0.0,0.0,0.0,0.0,0.0,0.0,0.0,0.0,0.0,0.0,0.0,0.0,0.0,0.0,0.0,0.0,0.0,1.0,March,2020
20,2020-04-01,380,22.0,13.0,9.0,0.0,0.0,8.0,8.0,0.0,3.0,0.0,0.0,0.0,1.0,0.0,0.0,0.0,0.0,0.0,0.0,0.0,0.0,0.0,0.0,0.0,0.0,0.0,0.0,0.0,0.0,0.0,0.0,0.0,0.0,0.0,1.0,0.0,0.0,0.0,0.0,0.0,1.0,0.0,0.0,0.0,0.0,0.0,0.0,0.0,0.0,0.0,0.0,0.0,0.0,April,2020
21,2020-04-02,662,29.0,13.0,16.0,1.0,2.0,27.0,0.0,0.0,0.0,0.0,0.0,0.0,0.0,0.0,0.0,0.0,0.0,0.0,0.0,0.0,0.0,0.0,0.0,0.0,0.0,0.0,0.0,0.0,0.0,0.0,0.0,0.0,0.0,0.0,0.0,0.0,0.0,0.0,0.0,0.0,0.0,0.0,0.0,0.0,0.0,0.0,0.0,0.0,0.0,0.0,0.0,0.0,2.0,April,2020
22,2020-04-03,362,12.0,8.0,4.0,0.0,1.0,7.0,4.0,0.0,1.0,0.0,0.0,0.0,0.0,0.0,0.0,0.0,0.0,0.0,0.0,0.0,0.0,1.0,0.0,0.0,0.0,0.0,0.0,0.0,0.0,0.0,0.0,0.0,0.0,0.0,1.0,0.0,0.0,0.0,0.0,0.0,0.0,0.0,0.0,0.0,0.0,0.0,0.0,0.0,0.0,0.0,0.0,0.0,1.0,April,2020
23,2020-04-04,372,4.0,3.0,1.0,0.0,0.0,4.0,0.0,0.0,0.0,0.0,0.0,0.0,0.0,0.0,0.0,0.0,0.0,0.0,0.0,0.0,0.0,0.0,0.0,0.0,0.0,0.0,0.0,0.0,0.0,0.0,0.0,0.0,0.0,0.0,0.0,0.0,0.0,0.0,0.0,0.0,0.0,0.0,0.0,0.0,0.0,0.0,0.0,0.0,0.0,0.0,0.0,0.0,0.0,April,2020
24,2020-04-05,530,16.0,9.0,7.0,0.0,0.0,12.0,3.0,0.0,0.0,0.0,0.0,0.0,0.0,0.0,0.0,0.0,0.0,0.0,0.0,0.0,0.0,0.0,0.0,0.0,0.0,0.0,0.0,0.0,0.0,0.0,0.0,0.0,0.0,0.0,1.0,0.0,0.0,0.0,0.0,0.0,0.0,0.0,0.0,0.0,0.0,0.0,0.0,0.0,0.0,0.0,0.0,0.0,0.0,April,2020
25,2020-04-06,441,16.0,10.0,6.0,0.0,0.0,16.0,0.0,0.0,0.0,0.0,0.0,0.0,0.0,0.0,0.0,0.0,0.0,0.0,0.0,0.0,0.0,0.0,0.0,0.0,0.0,0.0,0.0,0.0,0.0,0.0,0.0,0.0,0.0,0.0,0.0,0.0,0.0,0.0,0.0,0.0,0.0,0.0,0.0,0.0,0.0,0.0,0.0,0.0,0.0,0.0,0.0,0.0,0.0,April,2020
26,2020-04-07,696,14.0,8.0,6.0,3.0,0.0,7.0,3.0,0.0,1.0,0.0,0.0,0.0,0.0,0.0,0.0,0.0,0.0,0.0,0.0,0.0,0.0,0.0,0.0,0.0,0.0,0.0,0.0,0.0,0.0,0.0,0.0,0.0,0.0,0.0,0.0,0.0,0.0,0.0,0.0,0.0,0.0,1.0,2.0,0.0,0.0,0.0,0.0,0.0,0.0,0.0,0.0,0.0,0.0,April,2020
27,2020-04-08,407,7.0,7.0,0.0,1.0,2.0,7.0,0.0,0.0,0.0,0.0,0.0,0.0,0.0,0.0,0.0,0.0,0.0,0.0,0.0,0.0,0.0,0.0,0.0,0.0,0.0,0.0,0.0,0.0,0.0,0.0,0.0,0.0,0.0,0.0,0.0,0.0,0.0,0.0,0.0,0.0,0.0,0.0,0.0,0.0,0.0,0.0,0.0,0.0,0.0,0.0,0.0,0.0,2.0,April,2020
28,2020-04-09,308,5.0,3.0,2.0,4.0,1.0,3.0,2.0,0.0,0.0,0.0,0.0,0.0,0.0,0.0,0.0,0.0,0.0,0.0,0.0,0.0,0.0,0.0,0.0,0.0,0.0,0.0,0.0,0.0,0.0,0.0,0.0,0.0,0.0,0.0,0.0,0.0,0.0,0.0,0.0,0.0,0.0,0.0,0.0,0.0,0.0,0.0,0.0,0.0,0.0,0.0,0.0,0.0,1.0,April,2020
29,2020-04-10,504,5.0,2.0,3.0,10.0,0.0,1.0,4.0,0.0,0.0,0.0,0.0,0.0,0.0,0.0,0.0,0.0,0.0,0.0,0.0,0.0,0.0,0.0,0.0,0.0,0.0,0.0,0.0,0.0,0.0,0.0,0.0,0.0,0.0,0.0,0.0,0.0,0.0,0.0,0.0,0.0,0.0,0.0,0.0,0.0,0.0,0.0,0.0,0.0,0.0,0.0,0.0,0.0,0.0,April,2020
30,2020-04-11,491,2.0,0.0,2.0,2.0,0.0,1.0,1.0,0.0,0.0,0.0,0.0,0.0,0.0,0.0,0.0,0.0,0.0,0.0,0.0,0.0,0.0,0.0,0.0,0.0,0.0,0.0,0.0,0.0,0.0,0.0,0.0,0.0,0.0,0.0,0.0,0.0,0.0,0.0,0.0,0.0,0.0,0.0,0.0,0.0,0.0,0.0,0.0,0.0,0.0,0.0,0.0,0.0,0.0,April,2020
31,2020-04-12,766,6.0,5.0,1.0,1.0,1.0,4.0,1.0,0.0,0.0,0.0,0.0,0.0,0.0,0.0,0.0,0.0,0.0,0.0,0.0,0.0,1.0,0.0,0.0,0.0,0.0,0.0,0.0,0.0,0.0,0.0,0.0,0.0,0.0,0.0,0.0,0.0,0.0,0.0,0.0,0.0,0.0,0.0,0.0,0.0,0.0,0.0,0.0,0.0,0.0,0.0,0.0,0.0,1.0,April,2020
32,2020-04-13,674,11.0,6.0,5.0,15.0,1.0,2.0,4.0,0.0,0.0,0.0,0.0,0.0,0.0,0.0,0.0,0.0,0.0,0.0,0.0,0.0,0.0,0.0,0.0,0.0,0.0,0.0,1.0,0.0,0.0,0.0,0.0,0.0,0.0,0.0,0.0,0.0,0.0,0.0,0.0,0.0,0.0,0.0,4.0,0.0,0.0,0.0,0.0,0.0,0.0,0.0,0.0,0.0,1.0,April,2020
33,2020-04-14,694,8.0,4.0,4.0,1.0,0.0,6.0,0.0,0.0,0.0,0.0,0.0,0.0,0.0,0.0,0.0,0.0,0.0,0.0,0.0,0.0,1.0,0.0,0.0,0.0,0.0,0.0,1.0,0.0,0.0,0.0,0.0,0.0,0.0,0.0,0.0,0.0,0.0,0.0,0.0,0.0,0.0,0.0,0.0,0.0,0.0,0.0,0.0,0.0,0.0,0.0,0.0,0.0,0.0,April,2020
34,2020-04-15,803,9.0,6.0,3.0,12.0,1.0,5.0,4.0,0.0,0.0,0.0,0.0,0.0,0.0,0.0,0.0,0.0,0.0,0.0,0.0,0.0,0.0,0.0,0.0,0.0,0.0,0.0,0.0,0.0,0.0,0.0,0.0,0.0,0.0,0.0,0.0,0.0,0.0,0.0,0.0,0.0,0.0,0.0,0.0,0.0,0.0,0.0,0.0,0.0,0.0,0.0,0.0,0.0,1.0,April,2020
35,2020-04-16,560,10.0,7.0,3.0,0.0,0.0,10.0,0.0,0.0,0.0,0.0,0.0,0.0,0.0,0.0,0.0,0.0,0.0,0.0,0.0,0.0,0.0,0.0,0.0,0.0,0.0,0.0,0.0,0.0,0.0,0.0,0.0,0.0,0.0,0.0,0.0,0.0,0.0,0.0,0.0,0.0,0.0,0.0,0.0,0.0,0.0,0.0,0.0,0.0,0.0,0.0,0.0,0.0,0.0,April,2020
36,2020-04-17,614,11.0,9.0,2.0,0.0,1.0,11.0,0.0,0.0,0.0,0.0,0.0,0.0,0.0,0.0,0.0,0.0,0.0,0.0,0.0,0.0,0.0,0.0,0.0,0.0,0.0,0.0,0.0,0.0,0.0,0.0,0.0,0.0,0.0,0.0,0.0,0.0,0.0,0.0,0.0,0.0,0.0,0.0,0.0,0.0,0.0,0.0,0.0,0.0,0.0,0.0,0.0,0.0,1.0,April,2020
37,2020-04-18,1115,16.0,12.0,4.0,7.0,1.0,10.0,5.0,0.0,0.0,0.0,0.0,0.0,0.0,0.0,0.0,0.0,0.0,0.0,0.0,0.0,0.0,0.0,0.0,1.0,0.0,0.0,0.0,0.0,0.0,0.0,0.0,0.0,0.0,0.0,0.0,0.0,0.0,0.0,0.0,0.0,0.0,0.0,0.0,0.0,0.0,0.0,0.0,0.0,0.0,0.0,0.0,0.0,1.0,April,2020
38,2020-04-19,1330,8.0,4.0,4.0,7.0,2.0,3.0,4.0,0.0,0.0,0.0,0.0,0.0,0.0,0.0,0.0,0.0,0.0,0.0,0.0,0.0,0.0,0.0,0.0,0.0,0.0,0.0,0.0,0.0,0.0,0.0,0.0,0.0,0.0,0.0,0.0,0.0,0.0,0.0,0.0,0.0,1.0,0.0,0.0,0.0,0.0,0.0,0.0,0.0,0.0,0.0,0.0,0.0,2.0,April,2020
39,2020-04-20,633,11.0,6.0,5.0,2.0,0.0,4.0,7.0,0.0,0.0,0.0,0.0,0.0,0.0,0.0,0.0,0.0,0.0,0.0,0.0,0.0,0.0,0.0,0.0,0.0,0.0,0.0,0.0,0.0,0.0,0.0,0.0,0.0,0.0,0.0,0.0,0.0,0.0,0.0,0.0,0.0,0.0,0.0,0.0,0.0,0.0,0.0,0.0,0.0,0.0,0.0,0.0,0.0,0.0,April,2020
40,2020-04-21,545,15.0,7.0,8.0,5.0,0.0,6.0,7.0,0.0,0.0,0.0,0.0,0.0,0.0,0.0,0.0,0.0,0.0,0.0,0.0,0.0,0.0,0.0,0.0,0.0,0.0,0.0,0.0,0.0,0.0,0.0,0.0,0.0,0.0,0.0,0.0,0.0,0.0,0.0,0.0,0.0,0.0,0.0,2.0,0.0,0.0,0.0,0.0,0.0,0.0,0.0,0.0,0.0,0.0,April,2020
41,2020-04-22,707,7.0,5.0,2.0,9.0,0.0,1.0,6.0,0.0,0.0,0.0,0.0,0.0,0.0,0.0,0.0,0.0,0.0,0.0,0.0,0.0,0.0,0.0,0.0,0.0,0.0,0.0,0.0,0.0,0.0,0.0,0.0,0.0,0.0,0.0,0.0,0.0,0.0,0.0,0.0,0.0,0.0,0.0,0.0,0.0,0.0,0.0,0.0,0.0,0.0,0.0,0.0,0.0,0.0,April,2020
42,2020-04-23,668,17.0,9.0,8.0,6.0,0.0,5.0,12.0,0.0,0.0,0.0,0.0,0.0,0.0,0.0,0.0,0.0,0.0,0.0,0.0,0.0,0.0,0.0,0.0,0.0,0.0,0.0,0.0,0.0,0.0,0.0,0.0,0.0,0.0,0.0,0.0,0.0,0.0,0.0,0.0,0.0,0.0,0.0,0.0,0.0,0.0,0.0,0.0,0.0,0.0,0.0,0.0,0.0,0.0,April,2020
43,2020-04-24,946,16.0,7.0,9.0,5.0,0.0,11.0,5.0,0.0,0.0,0.0,0.0,0.0,0.0,0.0,0.0,0.0,0.0,0.0,0.0,0.0,0.0,0.0,0.0,0.0,0.0,0.0,0.0,0.0,0.0,0.0,0.0,0.0,0.0,0.0,0.0,0.0,0.0,0.0,0.0,0.0,0.0,0.0,0.0,0.0,0.0,0.0,0.0,0.0,0.0,0.0,0.0,0.0,0.0,April,2020
44,2020-04-25,870,7.0,7.0,0.0,4.0,0.0,2.0,5.0,0.0,0.0,0.0,0.0,0.0,0.0,0.0,0.0,0.0,0.0,0.0,0.0,0.0,0.0,0.0,0.0,0.0,0.0,0.0,0.0,0.0,0.0,0.0,0.0,0.0,0.0,0.0,0.0,0.0,0.0,0.0,0.0,0.0,0.0,0.0,0.0,0.0,0.0,0.0,0.0,0.0,0.0,0.0,0.0,0.0,0.0,April,2020
45,2020-04-26,954,12.0,8.0,4.0,8.0,0.0,8.0,4.0,0.0,0.0,0.0,0.0,0.0,0.0,0.0,0.0,0.0,0.0,0.0,0.0,0.0,0.0,0.0,0.0,0.0,0.0,0.0,0.0,0.0,0.0,0.0,0.0,0.0,0.0,0.0,0.0,0.0,0.0,0.0,0.0,0.0,0.0,0.0,0.0,0.0,0.0,0.0,0.0,0.0,0.0,0.0,0.0,0.0,0.0,April,2020
46,2020-04-27,540,8.0,4.0,4.0,8.0,0.0,3.0,4.0,0.0,0.0,0.0,0.0,0.0,0.0,0.0,0.0,0.0,0.0,0.0,0.0,0.0,0.0,0.0,0.0,0.0,0.0,0.0,0.0,0.0,0.0,0.0,0.0,0.0,0.0,0.0,0.0,1.0,0.0,0.0,0.0,0.0,0.0,0.0,0.0,0.0,0.0,0.0,0.0,0.0,0.0,0.0,0.0,0.0,0.0,April,2020
47,2020-04-28,591,11.0,6.0,5.0,10.0,0.0,11.0,0.0,0.0,0.0,0.0,0.0,0.0,0.0,0.0,0.0,0.0,0.0,0.0,0.0,0.0,0.0,0.0,0.0,0.0,0.0,0.0,0.0,0.0,0.0,0.0,0.0,0.0,0.0,0.0,0.0,0.0,0.0,0.0,0.0,0.0,0.0,0.0,0.0,0.0,0.0,0.0,0.0,0.0,0.0,0.0,0.0,0.0,0.0,April,2020
48,2020-04-29,508,10.0,6.0,4.0,5.0,1.0,1.0,9.0,0.0,0.0,0.0,0.0,0.0,0.0,0.0,0.0,0.0,0.0,0.0,0.0,0.0,0.0,0.0,0.0,0.0,0.0,0.0,0.0,0.0,0.0,0.0,0.0,0.0,0.0,0.0,0.0,0.0,0.0,0.0,0.0,0.0,0.0,0.0,0.0,0.0,0.0,0.0,0.0,0.0,0.0,0.0,0.0,0.0,1.0,April,2020
49,2020-04-30,777,12.0,9.0,3.0,15.0,2.0,3.0,7.0,0.0,0.0,0.0,0.0,0.0,0.0,0.0,0.0,0.0,0.0,0.0,0.0,0.0,0.0,0.0,0.0,0.0,0.0,0.0,0.0,0.0,0.0,0.0,0.0,0.0,0.0,0.0,0.0,0.0,0.0,0.0,0.0,0.0,0.0,1.0,0.0,0.0,0.0,0.0,0.0,1.0,0.0,0.0,0.0,0.0,2.0,April,2020
50,2020-05-01,1434,15.0,7.0,8.0,6.0,4.0,0.0,0.0,0.0,0.0,0.0,0.0,0.0,0.0,0.0,0.0,0.0,0.0,0.0,0.0,0.0,0.0,0.0,0.0,0.0,0.0,0.0,0.0,0.0,0.0,0.0,0.0,0.0,0.0,0.0,7.0,1.0,0.0,0.0,0.0,0.0,0.0,0.0,1.0,0.0,6.0,0.0,0.0,0.0,0.0,0.0,0.0,0.0,4.0,May,2020
51,2020-05-02,1195,24.0,10.0,14.0,2.0,1.0,17.0,5.0,0.0,0.0,0.0,0.0,0.0,0.0,0.0,0.0,0.0,0.0,0.0,2.0,0.0,0.0,0.0,0.0,0.0,0.0,0.0,0.0,0.0,0.0,0.0,0.0,0.0,0.0,0.0,0.0,0.0,0.0,0.0,0.0,0.0,0.0,0.0,0.0,0.0,0.0,0.0,0.0,0.0,0.0,0.0,0.0,0.0,1.0,May,2020
52,2020-05-03,883,30.0,23.0,7.0,15.0,2.0,8.0,19.0,0.0,0.0,0.0,2.0,0.0,0.0,0.0,0.0,0.0,0.0,0.0,0.0,0.0,0.0,0.0,0.0,0.0,0.0,0.0,0.0,0.0,0.0,0.0,0.0,0.0,0.0,0.0,0.0,0.0,0.0,0.0,0.0,0.0,0.0,1.0,0.0,0.0,0.0,0.0,0.0,0.0,0.0,0.0,0.0,0.0,2.0,May,2020
53,2020-05-04,754,25.0,19.0,6.0,6.0,0.0,0.0,0.0,0.0,5.0,0.0,0.0,0.0,0.0,0.0,0.0,0.0,0.0,0.0,10.0,0.0,0.0,3.0,0.0,0.0,0.0,0.0,0.0,0.0,0.0,0.0,0.0,0.0,0.0,0.0,0.0,7.0,0.0,0.0,0.0,0.0,0.0,0.0,0.0,0.0,0.0,0.0,0.0,0.0,0.0,0.0,0.0,0.0,0.0,May,2020
54,2020-05-05,1077,45.0,30.0,15.0,9.0,0.0,29.0,11.0,0.0,0.0,0.0,0.0,0.0,0.0,0.0,0.0,0.0,0.0,0.0,0.0,0.0,0.0,0.0,0.0,0.0,0.0,0.0,0.0,0.0,0.0,0.0,0.0,0.0,0.0,0.0,0.0,0.0,0.0,0.0,0.0,0.0,0.0,0.0,0.0,0.0,0.0,0.0,0.0,5.0,0.0,0.0,0.0,0.0,0.0,May,2020
55,2020-05-06,1112,47.0,31.0,16.0,8.0,2.0,11.0,32.0,0.0,1.0,0.0,0.0,0.0,0.0,0.0,2.0,0.0,0.0,0.0,0.0,0.0,0.0,0.0,0.0,0.0,0.0,0.0,0.0,0.0,0.0,0.0,0.0,0.0,0.0,0.0,0.0,1.0,0.0,0.0,0.0,0.0,0.0,0.0,0.0,0.0,0.0,0.0,0.0,0.0,0.0,0.0,0.0,0.0,2.0,May,2020
56,2020-05-07,1075,25.0,21.0,4.0,7.0,3.0,17.0,1.0,0.0,0.0,0.0,0.0,0.0,0.0,0.0,0.0,0.0,0.0,0.0,1.0,0.0,0.0,0.0,0.0,0.0,0.0,0.0,1.0,0.0,0.0,0.0,0.0,0.0,0.0,0.0,0.0,0.0,0.0,0.0,0.0,0.0,2.0,0.0,0.0,0.0,0.0,0.0,0.0,2.0,0.0,1.0,0.0,0.0,3.0,May,2020
57,2020-05-08,922,14.0,9.0,5.0,5.0,0.0,10.0,3.0,0.0,0.0,0.0,0.0,0.0,0.0,0.0,0.0,0.0,0.0,0.0,0.0,0.0,0.0,0.0,0.0,0.0,0.0,0.0,0.0,0.0,0.0,0.0,0.0,0.0,0.0,0.0,0.0,0.0,0.0,0.0,0.0,0.0,0.0,0.0,1.0,0.0,0.0,0.0,0.0,0.0,0.0,0.0,0.0,0.0,0.0,May,2020
58,2020-05-09,1611,28.0,17.0,11.0,5.0,1.0,9.0,10.0,0.0,1.0,0.0,0.0,0.0,0.0,0.0,0.0,0.0,0.0,0.0,4.0,0.0,0.0,0.0,0.0,1.0,0.0,0.0,0.0,0.0,0.0,0.0,0.0,0.0,0.0,0.0,0.0,0.0,0.0,0.0,0.0,0.0,2.0,0.0,1.0,0.0,0.0,0.0,0.0,0.0,0.0,0.0,0.0,0.0,1.0,May,2020
59,2020-05-10,1056,23.0,13.0,10.0,32.0,2.0,4.0,12.0,0.0,0.0,0.0,0.0,0.0,0.0,0.0,0.0,0.0,0.0,0.0,0.0,0.0,0.0,0.0,0.0,0.0,0.0,0.0,0.0,0.0,0.0,0.0,0.0,0.0,0.0,0.0,0.0,0.0,0.0,0.0,0.0,0.0,1.0,0.0,6.0,0.0,0.0,0.0,0.0,0.0,0.0,0.0,0.0,0.0,2.0,May,2020
60,2020-05-11,841,28.0,14.0,14.0,12.0,1.0,7.0,10.0,0.0,0.0,0.0,0.0,0.0,0.0,0.0,0.0,0.0,0.0,0.0,0.0,0.0,0.0,0.0,0.0,0.0,0.0,0.0,0.0,0.0,0.0,0.0,0.0,0.0,0.0,0.0,0.0,0.0,0.0,0.0,0.0,0.0,9.0,0.0,0.0,0.0,0.0,0.0,0.0,2.0,0.0,0.0,0.0,0.0,1.0,May,2020
61,2020-05-12,978,15.0,10.0,5.0,8.0,3.0,1.0,7.0,0.0,1.0,0.0,0.0,0.0,0.0,0.0,0.0,0.0,0.0,0.0,3.0,0.0,0.0,0.0,0.0,0.0,0.0,0.0,0.0,0.0,0.0,0.0,0.0,0.0,0.0,0.0,0.0,0.0,0.0,0.0,0.0,0.0,0.0,0.0,1.0,0.0,0.0,0.0,0.0,2.0,0.0,0.0,0.0,0.0,3.0,May,2020
62,2020-05-13,850,23.0,15.0,8.0,8.0,0.0,0.0,0.0,0.0,21.0,0.0,0.0,0.0,0.0,0.0,0.0,0.0,0.0,0.0,0.0,0.0,0.0,0.0,0.0,0.0,0.0,0.0,0.0,0.0,0.0,0.0,0.0,0.0,0.0,0.0,0.0,0.0,0.0,0.0,0.0,0.0,2.0,0.0,0.0,0.0,0.0,0.0,0.0,0.0,0.0,0.0,0.0,0.0,0.0,May,2020
63,2020-05-14,1074,20.0,13.0,7.0,12.0,3.0,0.0,0.0,0.0,0.0,0.0,0.0,0.0,0.0,0.0,0.0,0.0,0.0,0.0,0.0,0.0,0.0,0.0,0.0,0.0,0.0,0.0,0.0,0.0,0.0,0.0,0.0,0.0,0.0,0.0,0.0,0.0,0.0,0.0,0.0,0.0,20.0,0.0,0.0,0.0,0.0,0.0,0.0,0.0,0.0,0.0,0.0,0.0,3.0,May,2020
64,2020-05-15,2100,23.0,18.0,5.0,3.0,3.0,11.0,5.0,0.0,2.0,0.0,0.0,0.0,0.0,0.0,0.0,0.0,0.0,0.0,0.0,0.0,0.0,0.0,0.0,0.0,0.0,0.0,0.0,0.0,0.0,0.0,0.0,0.0,0.0,0.0,0.0,0.0,0.0,0.0,0.0,0.0,3.0,0.0,0.0,0.0,0.0,0.0,0.0,2.0,0.0,0.0,0.0,0.0,3.0,May,2020
65,2020-05-16,2203,50.0,35.0,15.0,20.0,3.0,0.0,23.0,0.0,0.0,0.0,0.0,0.0,0.0,0.0,23.0,0.0,0.0,0.0,0.0,0.0,0.0,0.0,0.0,0.0,0.0,0.0,0.0,0.0,0.0,0.0,0.0,0.0,0.0,0.0,0.0,0.0,0.0,0.0,0.0,0.0,4.0,0.0,0.0,0.0,0.0,0.0,0.0,0.0,0.0,0.0,0.0,0.0,3.0,May,2020
66,2020-05-17,3569,56.0,39.0,17.0,12.0,5.0,0.0,56.0,0.0,0.0,0.0,0.0,0.0,0.0,0.0,0.0,0.0,0.0,0.0,0.0,0.0,0.0,0.0,0.0,0.0,0.0,0.0,0.0,0.0,0.0,0.0,0.0,0.0,0.0,0.0,0.0,0.0,0.0,0.0,0.0,0.0,0.0,0.0,0.0,0.0,0.0,0.0,0.0,0.0,0.0,0.0,0.0,0.0,5.0,May,2020
67,2020-05-18,1139,25.0,23.0,2.0,22.0,0.0,3.0,5.0,0.0,3.0,0.0,0.0,0.0,0.0,0.0,0.0,0.0,0.0,0.0,0.0,0.0,0.0,0.0,0.0,0.0,0.0,0.0,0.0,0.0,0.0,1.0,0.0,0.0,0.0,0.0,0.0,3.0,0.0,0.0,0.0,0.0,6.0,0.0,0.0,0.0,2.0,2.0,0.0,0.0,0.0,0.0,0.0,0.0,0.0,May,2020
68,2020-05-19,1933,51.0,32.0,19.0,22.0,0.0,0.0,51.0,0.0,0.0,0.0,0.0,0.0,0.0,0.0,0.0,0.0,0.0,0.0,0.0,0.0,0.0,0.0,0.0,0.0,0.0,0.0,0.0,0.0,0.0,0.0,0.0,0.0,0.0,0.0,0.0,0.0,0.0,0.0,0.0,0.0,0.0,0.0,0.0,0.0,0.0,0.0,0.0,0.0,0.0,0.0,0.0,0.0,0.0,May,2020
69,2020-05-20,2621,66.0,43.0,23.0,8.0,0.0,26.0,30.0,0.0,0.0,1.0,0.0,0.0,0.0,0.0,1.0,1.0,0.0,0.0,0.0,0.0,0.0,1.0,0.0,0.0,0.0,0.0,1.0,0.0,0.0,1.0,0.0,0.0,0.0,1.0,0.0,0.0,0.0,0.0,0.0,0.0,3.0,0.0,0.0,0.0,0.0,0.0,0.0,0.0,0.0,0.0,0.0,0.0,0.0,May,2020
70,2020-05-21,1562,26.0,13.0,13.0,13.0,0.0,8.0,18.0,0.0,0.0,0.0,0.0,0.0,0.0,0.0,0.0,0.0,0.0,0.0,0.0,0.0,0.0,0.0,0.0,0.0,0.0,0.0,0.0,0.0,0.0,0.0,0.0,0.0,0.0,0.0,0.0,0.0,0.0,0.0,0.0,0.0,0.0,0.0,0.0,0.0,0.0,0.0,0.0,0.0,0.0,0.0,0.0,0.0,0.0,May,2020
71,2020-05-22,3724,62.0,42.0,20.0,4.0,0.0,62.0,0.0,0.0,0.0,0.0,0.0,0.0,0.0,0.0,0.0,0.0,0.0,0.0,0.0,0.0,0.0,0.0,0.0,0.0,0.0,0.0,0.0,0.0,0.0,0.0,0.0,0.0,0.0,0.0,0.0,0.0,0.0,0.0,0.0,0.0,0.0,0.0,0.0,0.0,0.0,0.0,0.0,0.0,0.0,0.0,0.0,0.0,0.0,May,2020
72,2020-05-23,2396,57.0,28.0,29.0,11.0,0.0,57.0,0.0,0.0,0.0,0.0,0.0,0.0,0.0,0.0,0.0,0.0,0.0,0.0,0.0,0.0,0.0,0.0,0.0,0.0,0.0,0.0,0.0,0.0,0.0,0.0,0.0,0.0,0.0,0.0,0.0,0.0,0.0,0.0,0.0,0.0,0.0,0.0,0.0,0.0,0.0,0.0,0.0,0.0,0.0,0.0,0.0,0.0,0.0,May,2020
73,2020-05-24,3892,88.0,62.0,26.0,2.0,0.0,88.0,0.0,0.0,0.0,0.0,0.0,0.0,0.0,0.0,0.0,0.0,0.0,0.0,0.0,0.0,0.0,0.0,0.0,0.0,0.0,0.0,0.0,0.0,0.0,0.0,0.0,0.0,0.0,0.0,0.0,0.0,0.0,0.0,0.0,0.0,0.0,0.0,0.0,0.0,0.0,0.0,0.0,0.0,0.0,0.0,0.0,0.0,0.0,May,2020
74,2020-05-25,992,24.0,18.0,6.0,2.0,0.0,24.0,0.0,0.0,0.0,0.0,0.0,0.0,0.0,0.0,0.0,0.0,0.0,0.0,0.0,0.0,0.0,0.0,0.0,0.0,0.0,0.0,0.0,0.0,0.0,0.0,0.0,0.0,0.0,0.0,0.0,0.0,0.0,0.0,0.0,0.0,0.0,0.0,0.0,0.0,0.0,0.0,0.0,0.0,0.0,0.0,0.0,0.0,0.0,May,2020
75,2020-05-26,2293,62.0,45.0,17.0,3.0,2.0,23.0,16.0,0.0,6.0,0.0,0.0,0.0,0.0,0.0,0.0,0.0,0.0,0.0,0.0,0.0,0.0,0.0,0.0,0.0,0.0,0.0,0.0,0.0,0.0,0.0,0.0,0.0,0.0,0.0,0.0,8.0,0.0,0.0,0.0,0.0,6.0,3.0,0.0,0.0,0.0,0.0,0.0,0.0,0.0,0.0,0.0,0.0,2.0,May,2020
76,2020-05-27,3077,123.0,78.0,45.0,3.0,3.0,85.0,24.0,0.0,4.0,0.0,0.0,0.0,0.0,2.0,1.0,0.0,0.0,0.0,0.0,0.0,0.0,1.0,0.0,0.0,0.0,0.0,0.0,0.0,0.0,0.0,0.0,0.0,0.0,0.0,1.0,0.0,0.0,0.0,0.0,0.0,3.0,1.0,0.0,0.0,0.0,1.0,0.0,0.0,0.0,0.0,0.0,0.0,3.0,May,2020
77,2020-05-28,2831,147.0,87.0,60.0,13.0,3.0,90.0,41.0,0.0,3.0,0.0,0.0,0.0,0.0,0.0,3.0,0.0,1.0,0.0,0.0,0.0,0.0,2.0,0.0,1.0,2.0,0.0,0.0,1.0,1.0,0.0,0.0,0.0,0.0,0.0,1.0,0.0,0.0,0.0,0.0,0.0,1.0,0.0,0.0,0.0,0.0,0.0,0.0,0.0,0.0,0.0,0.0,0.0,3.0,May,2020
78,2020-05-29,3831,127.0,79.0,48.0,17.0,4.0,76.0,19.0,0.0,2.0,0.0,0.0,0.0,0.0,0.0,16.0,0.0,0.0,0.0,0.0,0.0,0.0,8.0,0.0,0.0,0.0,0.0,0.0,0.0,0.0,0.0,0.0,0.0,0.0,0.0,0.0,0.0,0.0,0.0,0.0,0.0,5.0,0.0,0.0,0.0,0.0,0.0,0.0,0.0,0.0,1.0,0.0,0.0,4.0,May,2020
79,2020-05-30,2959,143.0,110.0,33.0,26.0,1.0,86.0,25.0,0.0,6.0,1.0,0.0,0.0,0.0,0.0,3.0,0.0,0.0,0.0,3.0,0.0,0.0,11.0,1.0,0.0,0.0,0.0,0.0,0.0,0.0,0.0,0.0,0.0,0.0,1.0,0.0,3.0,0.0,0.0,0.0,0.0,1.0,0.0,0.0,0.0,0.0,1.0,0.0,0.0,0.0,1.0,0.0,0.0,1.0,May,2020
80,2020-05-31,1574,74.0,55.0,19.0,14.0,1.0,35.0,23.0,0.0,2.0,0.0,0.0,0.0,0.0,0.0,6.0,0.0,0.0,0.0,0.0,0.0,0.0,2.0,0.0,0.0,0.0,0.0,0.0,0.0,0.0,0.0,0.0,0.0,0.0,0.0,1.0,2.0,0.0,0.0,0.0,1.0,2.0,0.0,0.0,0.0,1.0,0.0,0.0,0.0,0.0,0.0,0.0,0.0,1.0,May,2020
81,2020-06-01,1518,59.0,35.0,24.0,8.0,5.0,29.0,14.0,0.0,1.0,0.0,0.0,0.0,0.0,0.0,4.0,0.0,0.0,0.0,0.0,0.0,0.0,0.0,0.0,0.0,0.0,0.0,0.0,0.0,0.0,0.0,0.0,0.0,0.0,0.0,1.0,0.0,0.0,0.0,0.0,0.0,2.0,0.0,0.0,0.0,2.0,0.0,0.0,0.0,6.0,0.0,0.0,0.0,5.0,June,2020
82,2020-06-02,2892,72.0,50.0,22.0,17.0,2.0,39.0,8.0,0.0,2.0,0.0,0.0,0.0,0.0,1.0,13.0,0.0,0.0,0.0,3.0,0.0,0.0,0.0,0.0,0.0,0.0,0.0,0.0,0.0,0.0,0.0,0.0,0.0,0.0,0.0,0.0,0.0,0.0,0.0,0.0,0.0,4.0,0.0,0.0,0.0,0.0,2.0,0.0,0.0,0.0,0.0,0.0,0.0,2.0,June,2020
83,2020-06-03,2112,123.0,90.0,33.0,54.0,3.0,44.0,34.0,0.0,3.0,0.0,0.0,0.0,0.0,0.0,20.0,0.0,0.0,0.0,0.0,0.0,0.0,12.0,0.0,0.0,3.0,0.0,0.0,0.0,0.0,0.0,0.0,0.0,0.0,0.0,2.0,0.0,0.0,0.0,0.0,1.0,3.0,0.0,0.0,0.0,0.0,1.0,0.0,0.0,0.0,0.0,0.0,0.0,3.0,June,2020
84,2020-06-04,2640,124.0,100.0,24.0,39.0,4.0,38.0,40.0,0.0,3.0,0.0,0.0,0.0,0.0,0.0,26.0,0.0,1.0,0.0,0.0,0.0,0.0,0.0,0.0,0.0,0.0,0.0,0.0,0.0,0.0,0.0,0.0,0.0,1.0,0.0,0.0,0.0,0.0,0.0,0.0,0.0,6.0,0.0,0.0,0.0,2.0,2.0,0.0,0.0,0.0,0.0,0.0,0.0,4.0,June,2020
85,2020-06-05,3177,134.0,98.0,36.0,51.0,1.0,31.0,67.0,0.0,0.0,0.0,0.0,0.0,0.0,1.0,15.0,0.0,1.0,0.0,0.0,0.0,0.0,1.0,0.0,0.0,0.0,0.0,2.0,5.0,0.0,0.0,0.0,0.0,0.0,0.0,2.0,0.0,0.0,0.0,0.0,0.0,1.0,0.0,0.0,0.0,4.0,1.0,0.0,0.0,0.0,0.0,0.0,0.0,1.0,June,2020
86,2020-06-06,3632,126.0,98.0,28.0,63.0,4.0,8.0,56.0,0.0,0.0,0.0,0.0,0.0,0.0,1.0,54.0,0.0,0.0,0.0,3.0,0.0,0.0,1.0,0.0,0.0,0.0,0.0,1.0,1.0,0.0,0.0,0.0,0.0,0.0,0.0,0.0,0.0,0.0,0.0,0.0,0.0,1.0,0.0,0.0,0.0,0.0,0.0,0.0,0.0,0.0,0.0,0.0,0.0,4.0,June,2020
87,2020-06-07,2833,167.0,125.0,42.0,46.0,1.0,54.0,47.0,0.0,14.0,0.0,0.0,0.0,0.0,4.0,28.0,0.0,0.0,0.0,1.0,0.0,1.0,11.0,0.0,1.0,0.0,0.0,0.0,3.0,0.0,0.0,0.0,0.0,0.0,1.0,0.0,1.0,0.0,0.0,0.0,0.0,0.0,0.0,0.0,0.0,0.0,0.0,0.0,0.0,1.0,0.0,0.0,0.0,1.0,June,2020
88,2020-06-08,1096,95.0,57.0,38.0,97.0,1.0,13.0,56.0,0.0,0.0,0.0,0.0,0.0,0.0,0.0,10.0,0.0,0.0,0.0,0.0,0.0,0.0,0.0,0.0,0.0,0.0,0.0,0.0,0.0,0.0,0.0,0.0,0.0,0.0,0.0,3.0,1.0,0.0,0.0,0.0,0.0,6.0,1.0,0.0,0.0,0.0,1.0,0.0,0.0,0.0,0.0,0.0,1.0,1.0,June,2020
89,2020-06-09,2247,127.0,84.0,43.0,24.0,3.0,62.0,34.0,0.0,0.0,0.0,3.0,0.0,0.0,14.0,0.0,0.0,0.0,0.0,0.0,0.0,0.0,1.0,0.0,0.0,0.0,0.0,0.0,4.0,0.0,0.0,0.0,0.0,0.0,0.0,0.0,1.0,0.0,0.0,0.0,0.0,0.0,0.0,0.0,0.0,0.0,0.0,0.0,0.0,0.0,0.0,0.0,0.0,3.0,June,2020
90,2020-06-10,2273,105.0,77.0,28.0,175.0,1.0,43.0,11.0,0.0,5.0,0.0,0.0,0.0,0.0,2.0,18.0,0.0,0.0,0.0,6.0,0.0,1.0,1.0,0.0,0.0,0.0,0.0,0.0,3.0,0.0,0.0,0.0,0.0,0.0,0.0,3.0,5.0,0.0,0.0,0.0,0.0,1.0,0.0,0.0,0.0,3.0,1.0,0.0,0.0,7.0,0.0,0.0,0.0,1.0,June,2020
91,2020-06-11,3291,121.0,92.0,29.0,44.0,3.0,49.0,20.0,0.0,2.0,0.0,0.0,0.0,0.0,0.0,37.0,0.0,1.0,0.0,4.0,0.0,0.0,0.0,0.0,0.0,1.0,0.0,0.0,0.0,0.0,0.0,0.0,0.0,0.0,0.0,2.0,0.0,0.0,0.0,0.0,0.0,5.0,0.0,0.0,0.0,0.0,0.0,0.0,0.0,0.0,0.0,0.0,0.0,3.0,June,2020
92,2020-06-12,2419,90.0,62.0,28.0,72.0,4.0,36.0,34.0,0.0,0.0,0.0,0.0,0.0,0.0,1.0,12.0,0.0,0.0,0.0,0.0,0.0,0.0,3.0,0.0,0.0,0.0,0.0,0.0,0.0,0.0,1.0,0.0,0.0,0.0,0.0,1.0,0.0,0.0,0.0,0.0,0.0,0.0,0.0,0.0,0.0,0.0,1.0,0.0,0.0,1.0,0.0,0.0,0.0,4.0,June,2020
93,2020-06-13,3503,152.0,116.0,36.0,57.0,4.0,70.0,41.0,0.0,9.0,0.0,0.0,0.0,0.0,2.0,16.0,0.0,0.0,0.0,3.0,0.0,0.0,1.0,0.0,0.0,0.0,0.0,1.0,3.0,0.0,0.0,0.0,0.0,0.0,0.0,0.0,0.0,0.0,1.0,0.0,0.0,4.0,0.0,0.0,0.0,1.0,0.0,0.0,0.0,0.0,0.0,0.0,0.0,4.0,June,2020
94,2020-06-14,3167,137.0,110.0,27.0,32.0,3.0,92.0,16.0,0.0,4.0,0.0,0.0,1.0,0.0,0.0,4.0,0.0,1.0,0.0,0.0,0.0,1.0,1.0,0.0,0.0,0.0,0.0,1.0,0.0,0.0,0.0,0.0,0.0,0.0,0.0,1.0,0.0,0.0,0.0,0.0,0.0,15.0,0.0,0.0,0.0,0.0,0.0,0.0,0.0,0.0,0.0,0.0,0.0,3.0,June,2020
95,2020-06-15,3365,133.0,93.0,40.0,33.0,1.0,53.0,61.0,0.0,2.0,0.0,0.0,0.0,0.0,0.0,6.0,0.0,1.0,0.0,0.0,0.0,0.0,0.0,0.0,0.0,0.0,0.0,1.0,0.0,0.0,0.0,0.0,0.0,0.0,0.0,7.0,0.0,0.0,0.0,0.0,0.0,1.0,1.0,0.0,0.0,0.0,0.0,0.0,0.0,0.0,0.0,0.0,0.0,1.0,June,2020
96,2020-06-16,3255,133.0,88.0,45.0,40.0,1.0,85.0,27.0,0.0,8.0,0.0,0.0,0.0,0.0,0.0,5.0,0.0,0.0,0.0,2.0,0.0,0.0,0.0,0.0,0.0,0.0,0.0,0.0,1.0,0.0,0.0,0.0,0.0,0.0,0.0,2.0,0.0,0.0,1.0,0.0,0.0,2.0,0.0,0.0,0.0,0.0,0.0,0.0,0.0,0.0,0.0,0.0,0.0,1.0,June,2020
97,2020-06-17,2518,184.0,129.0,55.0,27.0,2.0,111.0,19.0,1.0,9.0,0.0,0.0,0.0,0.0,1.0,6.0,0.0,0.0,0.0,0.0,0.0,0.0,0.0,0.0,0.0,0.0,0.0,4.0,3.0,0.0,13.0,0.0,0.0,0.0,0.0,0.0,1.0,0.0,0.0,0.0,0.0,14.0,0.0,0.0,0.0,1.0,1.0,0.0,0.0,0.0,0.0,0.0,0.0,2.0,June,2020
98,2020-06-18,6024,213.0,151.0,62.0,106.0,10.0,136.0,32.0,0.0,7.0,0.0,0.0,0.0,0.0,0.0,5.0,0.0,0.0,0.0,1.0,0.0,0.0,0.0,0.0,0.0,0.0,0.0,4.0,4.0,1.0,0.0,0.0,0.0,0.0,0.0,0.0,0.0,0.0,1.0,0.0,0.0,13.0,1.0,0.0,0.0,2.0,3.0,0.0,0.0,0.0,3.0,0.0,0.0,10.0,June,2020
99,2020-06-19,3043,117.0,83.0,34.0,91.0,2.0,51.0,22.0,0.0,6.0,0.0,0.0,0.0,0.0,0.0,2.0,0.0,0.0,0.0,0.0,0.0,0.0,2.0,2.0,0.0,0.0,0.0,5.0,3.0,0.0,0.0,0.0,0.0,0.0,0.0,0.0,0.0,0.0,0.0,0.0,0.0,18.0,0.0,0.0,0.0,0.0,5.0,0.0,1.0,0.0,0.0,0.0,0.0,2.0,June,2020
100,2020-06-20,2820,104.0,76.0,28.0,36.0,2.0,60.0,33.0,0.0,0.0,0.0,0.0,0.0,0.0,0.0,3.0,0.0,0.0,0.0,0.0,0.0,0.0,0.0,0.0,0.0,0.0,0.0,0.0,0.0,0.0,0.0,0.0,0.0,0.0,0.0,5.0,0.0,0.0,0.0,0.0,0.0,2.0,0.0,0.0,0.0,1.0,0.0,0.0,0.0,0.0,0.0,0.0,0.0,2.0,June,2020
101,2020-06-21,3651,260.0,176.0,84.0,21.0,2.0,157.0,42.0,0.0,14.0,1.0,0.0,0.0,1.0,1.0,3.0,0.0,0.0,0.0,3.0,0.0,0.0,0.0,0.0,2.0,0.0,0.0,3.0,9.0,0.0,0.0,0.0,0.0,0.0,0.0,1.0,15.0,0.0,0.0,0.0,1.0,7.0,0.0,0.0,0.0,0.0,0.0,0.0,0.0,0.0,0.0,0.0,0.0,2.0,June,2020
102,2020-06-22,2354,59.0,47.0,12.0,73.0,2.0,28.0,21.0,0.0,2.0,1.0,1.0,0.0,0.0,0.0,0.0,0.0,0.0,0.0,0.0,0.0,0.0,1.0,0.0,0.0,0.0,0.0,0.0,2.0,0.0,0.0,0.0,0.0,0.0,0.0,3.0,0.0,0.0,0.0,0.0,0.0,0.0,0.0,0.0,0.0,0.0,0.0,0.0,0.0,0.0,0.0,0.0,0.0,2.0,June,2020
103,2020-06-23,4171,155.0,120.0,35.0,102.0,3.0,104.0,9.0,0.0,3.0,0.0,0.0,0.0,0.0,1.0,19.0,0.0,0.0,0.0,10.0,0.0,0.0,4.0,0.0,0.0,0.0,0.0,2.0,2.0,0.0,0.0,0.0,0.0,0.0,0.0,0.0,0.0,0.0,0.0,0.0,0.0,1.0,0.0,0.0,0.0,0.0,0.0,0.0,0.0,0.0,0.0,0.0,0.0,3.0,June,2020
104,2020-06-24,4859,254.0,186.0,68.0,41.0,2.0,127.0,36.0,0.0,12.0,1.0,0.0,0.0,1.0,0.0,9.0,0.0,3.0,0.0,29.0,0.0,1.0,5.0,0.0,0.0,0.0,0.0,1.0,2.0,0.0,0.0,0.0,0.0,0.0,0.0,2.0,0.0,0.0,0.0,0.0,0.0,22.0,0.0,0.0,0.0,1.0,1.0,0.0,0.0,0.0,1.0,0.0,0.0,2.0,June,2020
105,2020-06-25,3918,178.0,123.0,55.0,34.0,2.0,100.0,7.0,0.0,16.0,0.0,0.0,0.0,0.0,0.0,8.0,0.0,0.0,0.0,17.0,0.0,0.0,1.0,1.0,0.0,0.0,0.0,2.0,4.0,0.0,0.0,0.0,0.0,0.0,0.0,0.0,0.0,0.0,0.0,0.0,0.0,21.0,0.0,0.0,0.0,1.0,0.0,0.0,0.0,0.0,0.0,0.0,0.0,2.0,June,2020
106,2020-06-26,3090,149.0,94.0,55.0,48.0,5.0,73.0,20.0,0.0,8.0,0.0,1.0,0.0,0.0,0.0,9.0,0.0,0.0,0.0,0.0,0.0,13.0,0.0,0.0,0.0,0.0,1.0,1.0,3.0,0.0,0.0,0.0,0.0,0.0,0.0,1.0,0.0,0.0,0.0,0.0,0.0,15.0,0.0,0.0,0.0,3.0,0.0,0.0,0.0,0.0,1.0,0.0,0.0,5.0,June,2020
107,2020-06-27,4074,278.0,181.0,97.0,31.0,4.0,171.0,37.0,1.0,12.0,0.0,0.0,0.0,0.0,1.0,10.0,0.0,0.0,0.0,3.0,2.0,1.0,9.0,2.0,0.0,0.0,2.0,17.0,2.0,0.0,1.0,0.0,0.0,0.0,1.0,0.0,1.0,0.0,0.0,0.0,0.0,4.0,0.0,0.0,0.0,1.0,0.0,0.0,0.0,0.0,0.0,0.0,0.0,4.0,June,2020
108,2020-06-28,2718,259.0,159.0,100.0,35.0,2.0,127.0,39.0,0.0,22.0,0.0,0.0,0.0,0.0,2.0,11.0,0.0,0.0,0.0,0.0,0.0,0.0,9.0,0.0,0.0,0.0,0.0,9.0,16.0,0.0,0.0,0.0,0.0,0.0,9.0,5.0,1.0,0.0,0.0,0.0,0.0,3.0,0.0,0.0,2.0,0.0,2.0,0.0,0.0,0.0,0.0,0.0,2.0,2.0,June,2020
109,2020-06-29,2221,120.0,84.0,36.0,42.0,1.0,67.0,17.0,0.0,8.0,0.0,0.0,0.0,0.0,0.0,0.0,0.0,0.0,0.0,0.0,0.0,0.0,4.0,0.0,0.0,0.0,0.0,2.0,9.0,0.0,0.0,0.0,0.0,0.0,0.0,2.0,0.0,0.0,2.0,0.0,0.0,9.0,0.0,0.0,0.0,0.0,0.0,0.0,0.0,0.0,0.0,0.0,0.0,1.0,June,2020
110,2020-06-30,2419,176.0,100.0,76.0,26.0,4.0,99.0,20.0,0.0,17.0,0.0,0.0,0.0,1.0,1.0,4.0,0.0,0.0,0.0,13.0,0.0,0.0,10.0,0.0,0.0,0.0,0.0,0.0,1.0,0.0,0.0,0.0,0.0,0.0,2.0,3.0,0.0,0.0,1.0,0.0,0.0,4.0,0.0,0.0,0.0,0.0,0.0,0.0,0.0,0.0,0.0,0.0,0.0,4.0,June,2020
111,2020-07-01,3519,307.0,215.0,92.0,50.0,1.0,154.0,38.0,0.0,20.0,0.0,0.0,0.0,0.0,1.0,10.0,0.0,0.0,0.0,0.0,0.0,0.0,1.0,4.0,0.0,0.0,0.0,5.0,33.0,0.0,0.0,0.0,0.0,0.0,5.0,1.0,0.0,0.0,20.0,0.0,0.0,14.0,1.0,0.0,0.0,0.0,0.0,0.0,0.0,0.0,0.0,0.0,0.0,1.0,July,2020
112,2020-07-02,2704,268.0,160.0,108.0,20.0,3.0,175.0,28.0,0.0,11.0,0.0,0.0,0.0,0.0,0.0,18.0,0.0,1.0,0.0,9.0,0.0,0.0,8.0,0.0,0.0,0.0,0.0,0.0,6.0,0.0,0.0,0.0,0.0,0.0,1.0,0.0,0.0,0.0,2.0,0.0,0.0,9.0,0.0,0.0,0.0,0.0,0.0,0.0,0.0,0.0,0.0,0.0,0.0,3.0,July,2020
113,2020-07-03,4147,247.0,164.0,83.0,39.0,2.0,153.0,35.0,0.0,12.0,0.0,0.0,1.0,0.0,0.0,12.0,0.0,2.0,0.0,0.0,0.0,2.0,4.0,0.0,0.0,0.0,0.0,2.0,4.0,0.0,0.0,0.0,0.0,0.0,0.0,0.0,0.0,0.0,0.0,0.0,0.0,15.0,0.0,0.0,1.0,0.0,4.0,0.0,0.0,0.0,0.0,0.0,0.0,2.0,July,2020
114,2020-07-04,4829,389.0,266.0,123.0,88.0,5.0,248.0,23.0,0.0,27.0,0.0,0.0,0.0,0.0,0.0,17.0,0.0,1.0,0.0,9.0,0.0,0.0,3.0,0.0,0.0,0.0,0.0,2.0,10.0,0.0,0.0,0.0,0.0,0.0,3.0,2.0,0.0,0.0,1.0,0.0,0.0,36.0,6.0,0.0,0.0,0.0,1.0,0.0,0.0,0.0,0.0,0.0,0.0,5.0,July,2020
115,2020-07-05,4228,309.0,217.0,92.0,51.0,1.0,193.0,18.0,0.0,20.0,0.0,0.0,0.0,1.0,0.0,11.0,0.0,0.0,0.0,0.0,0.0,0.0,0.0,0.0,0.0,0.0,3.0,8.0,9.0,0.0,0.0,1.0,0.0,0.0,17.0,1.0,0.0,0.0,2.0,0.0,0.0,22.0,0.0,0.0,0.0,0.0,0.0,0.0,0.0,3.0,0.0,0.0,0.0,1.0,July,2020
116,2020-07-06,2131,181.0,123.0,58.0,127.0,4.0,134.0,9.0,0.0,19.0,0.0,0.0,0.0,0.0,0.0,0.0,1.0,2.0,0.0,0.0,0.0,0.0,1.0,0.0,0.0,0.0,0.0,0.0,6.0,0.0,0.0,0.0,0.0,0.0,0.0,0.0,0.0,0.0,0.0,0.0,0.0,6.0,0.0,0.0,3.0,0.0,0.0,0.0,0.0,0.0,0.0,0.0,0.0,4.0,July,2020
117,2020-07-07,2061,183.0,123.0,60.0,90.0,3.0,0.0,0.0,0.0,0.0,0.0,0.0,0.0,0.0,0.0,0.0,0.0,0.0,0.0,0.0,0.0,0.0,0.0,0.0,0.0,0.0,0.0,0.0,0.0,0.0,0.0,0.0,0.0,0.0,0.0,0.0,0.0,0.0,0.0,0.0,0.0,0.0,0.0,0.0,0.0,0.0,0.0,0.0,0.0,0.0,0.0,0.0,0.0,3.0,July,2020
118,2020-07-08,3053,278.0,194.0,84.0,89.0,2.0,131.0,5.0,7.0,32.0,1.0,0.0,0.0,0.0,0.0,29.0,0.0,0.0,0.0,23.0,0.0,0.0,0.0,0.0,0.0,0.0,0.0,4.0,20.0,0.0,1.0,0.0,0.0,0.0,2.0,0.0,0.0,0.0,0.0,0.0,0.0,13.0,0.0,0.0,0.0,8.0,0.0,0.0,0.0,0.0,2.0,0.0,0.0,2.0,July,2020
119,2020-07-09,3803,447.0,280.0,167.0,64.0,4.0,0.0,0.0,0.0,0.0,0.0,0.0,0.0,0.0,0.0,0.0,0.0,0.0,0.0,0.0,0.0,0.0,0.0,0.0,0.0,0.0,0.0,0.0,0.0,0.0,0.0,0.0,0.0,0.0,0.0,0.0,0.0,0.0,0.0,0.0,0.0,0.0,0.0,0.0,0.0,0.0,0.0,0.0,0.0,0.0,0.0,0.0,0.0,4.0,July,2020
120,2020-07-10,6979,473.0,324.0,149.0,76.0,8.0,315.0,41.0,0.0,25.0,0.0,0.0,0.0,0.0,11.0,18.0,0.0,0.0,0.0,8.0,1.0,0.0,5.0,1.0,0.0,0.0,0.0,3.0,23.0,0.0,0.0,0.0,0.0,0.0,0.0,2.0,0.0,0.0,0.0,0.0,1.0,12.0,0.0,0.0,3.0,2.0,0.0,0.0,0.0,1.0,0.0,0.0,1.0,8.0,July,2020
121,2020-07-11,1403,278.0,116.0,162.0,99.0,3.0,162.0,2.0,0.0,28.0,0.0,0.0,1.0,0.0,0.0,0.0,0.0,1.0,0.0,0.0,0.0,2.0,1.0,0.0,1.0,0.0,0.0,16.0,22.0,0.0,1.0,1.0,0.0,0.0,0.0,0.0,0.0,0.0,0.0,0.0,0.0,40.0,0.0,0.0,0.0,0.0,0.0,0.0,0.0,0.0,0.0,0.0,0.0,3.0,July,2020
122,2020-07-12,7050,379.0,253.0,126.0,49.0,1.0,209.0,16.0,0.0,49.0,0.0,0.0,1.0,0.0,2.0,38.0,0.0,0.0,0.0,19.0,1.0,0.0,8.0,1.0,0.0,1.0,0.0,5.0,5.0,0.0,0.0,0.0,0.0,0.0,0.0,0.0,0.0,0.0,2.0,0.0,0.0,12.0,0.0,0.0,6.0,0.0,1.0,0.0,2.0,0.0,1.0,0.0,0.0,1.0,July,2020
123,2020-07-13,1205,189.0,106.0,83.0,65.0,12.0,147.0,2.0,0.0,20.0,0.0,0.0,0.0,0.0,1.0,0.0,0.0,0.0,0.0,0.0,0.0,0.0,1.0,1.0,0.0,0.0,0.0,0.0,11.0,0.0,0.0,0.0,0.0,0.0,0.0,0.0,0.0,0.0,0.0,0.0,1.0,5.0,0.0,0.0,0.0,0.0,0.0,0.0,0.0,0.0,0.0,0.0,0.0,12.0,July,2020
124,2020-07-14,4992,497.0,318.0,179.0,71.0,5.0,292.0,28.0,0.0,62.0,0.0,0.0,0.0,1.0,0.0,10.0,0.0,0.0,0.0,0.0,0.0,0.0,8.0,1.0,0.0,2.0,1.0,5.0,30.0,0.0,2.0,0.0,0.0,0.0,3.0,1.0,0.0,0.0,2.0,0.0,1.0,51.0,0.0,0.0,0.0,0.0,0.0,0.0,0.0,0.0,0.0,0.0,0.0,5.0,July,2020
125,2020-07-15,4261,461.0,369.0,92.0,51.0,7.0,248.0,1.0,0.0,20.0,3.0,0.0,0.0,3.0,2.0,12.0,0.0,0.0,1.0,14.0,0.0,0.0,4.0,0.0,0.0,7.0,0.0,11.0,97.0,0.0,1.0,0.0,0.0,0.0,2.0,6.0,0.0,0.0,0.0,0.0,7.0,15.0,0.0,0.0,4.0,1.0,0.0,0.0,0.0,0.0,0.0,0.0,2.0,7.0,July,2020
126,2020-07-16,3895,421.0,297.0,124.0,570.0,8.0,246.0,15.0,0.0,38.0,0.0,0.0,1.0,0.0,2.0,32.0,0.0,0.0,2.0,10.0,0.0,0.0,3.0,0.0,0.0,0.0,0.0,3.0,9.0,0.0,0.0,0.0,0.0,0.0,33.0,0.0,0.0,0.0,1.0,0.0,2.0,20.0,0.0,0.0,4.0,0.0,0.0,0.0,0.0,0.0,0.0,0.0,0.0,8.0,July,2020
127,2020-07-17,3545,389.0,259.0,130.0,345.0,5.0,270.0,11.0,0.0,26.0,0.0,1.0,0.0,1.0,4.0,9.0,0.0,0.0,0.0,0.0,1.0,0.0,2.0,3.0,0.0,0.0,0.0,21.0,9.0,0.0,0.0,0.0,1.0,0.0,14.0,3.0,1.0,0.0,0.0,0.0,0.0,6.0,0.0,2.0,0.0,1.0,1.0,0.0,0.0,2.0,0.0,0.0,0.0,5.0,July,2020
128,2020-07-18,4522,688.0,425.0,263.0,457.0,3.0,537.0,18.0,0.0,59.0,0.0,1.0,0.0,0.0,0.0,15.0,0.0,0.0,0.0,1.0,0.0,0.0,2.0,0.0,0.0,0.0,0.0,2.0,20.0,0.0,4.0,0.0,0.0,0.0,1.0,5.0,0.0,0.0,1.0,0.0,5.0,14.0,0.0,0.0,0.0,0.0,0.0,0.0,0.0,0.0,1.0,2.0,0.0,3.0,July,2020
129,2020-07-19,5724,603.0,361.0,242.0,682.0,9.0,441.0,22.0,0.0,44.0,6.0,2.0,0.0,1.0,1.0,7.0,0.0,3.0,0.0,0.0,0.0,0.0,1.0,1.0,0.0,2.0,0.0,17.0,6.0,0.0,0.0,0.0,1.0,0.0,5.0,10.0,1.0,0.0,1.0,0.0,0.0,29.0,0.0,0.0,1.0,0.0,1.0,0.0,0.0,0.0,0.0,0.0,0.0,9.0,July,2020
130,2020-07-20,2474,418.0,263.0,155.0,494.0,4.0,292.0,6.0,0.0,54.0,0.0,0.0,0.0,0.0,0.0,1.0,0.0,0.0,0.0,0.0,0.0,0.0,0.0,0.0,0.0,2.0,0.0,5.0,28.0,0.0,5.0,2.0,0.0,0.0,0.0,0.0,0.0,0.0,5.0,0.0,0.0,13.0,3.0,0.0,0.0,0.0,1.0,0.0,0.0,0.0,1.0,0.0,0.0,4.0,July,2020
131,2020-07-21,3637,397.0,236.0,161.0,642.0,12.0,239.0,12.0,0.0,33.0,1.0,0.0,0.0,0.0,1.0,16.0,0.0,0.0,0.0,8.0,0.0,0.0,8.0,5.0,0.0,17.0,0.0,12.0,27.0,0.0,0.0,1.0,0.0,0.0,0.0,0.0,0.0,0.0,3.0,0.0,3.0,10.0,0.0,0.0,1.0,0.0,0.0,0.0,0.0,0.0,0.0,0.0,0.0,12.0,July,2020
132,2020-07-22,4275,637.0,361.0,276.0,499.0,10.0,342.0,17.0,1.0,51.0,3.0,0.0,0.0,1.0,1.0,10.0,1.0,9.0,5.0,0.0,0.0,0.0,6.0,3.0,1.0,13.0,0.0,22.0,85.0,1.0,1.0,0.0,0.0,0.0,0.0,1.0,0.0,0.0,1.0,0.0,1.0,57.0,1.0,0.0,0.0,0.0,1.0,0.0,0.0,0.0,0.0,0.0,2.0,10.0,July,2020
133,2020-07-23,6754,796.0,503.0,293.0,378.0,3.0,539.0,4.0,0.0,63.0,3.0,0.0,0.0,0.0,1.0,6.0,0.0,2.0,0.0,26.0,1.0,2.0,11.0,15.0,0.0,1.0,0.0,7.0,57.0,1.0,0.0,0.0,0.0,0.0,0.0,0.0,0.0,0.0,11.0,0.0,9.0,37.0,0.0,0.0,0.0,0.0,0.0,0.0,0.0,0.0,0.0,0.0,0.0,3.0,July,2020
134,2020-07-24,5075,667.0,393.0,274.0,311.0,11.0,387.0,26.0,1.0,40.0,0.0,1.0,1.0,0.0,4.0,9.0,0.0,2.0,1.0,0.0,0.0,0.0,14.0,0.0,0.0,4.0,0.0,15.0,47.0,0.0,0.0,0.0,0.0,0.0,5.0,6.0,0.0,0.0,1.0,0.0,0.0,79.0,0.0,0.0,2.0,0.0,11.0,0.0,5.0,6.0,0.0,0.0,0.0,11.0,July,2020
135,2020-07-25,2052,375.0,229.0,146.0,128.0,4.0,240.0,3.0,1.0,31.0,1.0,0.0,0.0,1.0,3.0,0.0,0.0,1.0,0.0,16.0,2.0,1.0,3.0,0.0,0.0,5.0,0.0,14.0,15.0,0.0,1.0,0.0,0.0,0.0,0.0,0.0,0.0,0.0,0.0,0.0,0.0,36.0,0.0,0.0,0.0,0.0,0.0,0.0,0.0,0.0,0.0,0.0,0.0,4.0,July,2020
136,2020-07-26,8261,892.0,565.0,327.0,6.0,2.0,466.0,48.0,0.0,91.0,1.0,2.0,0.0,2.0,14.0,21.0,0.0,5.0,8.0,0.0,1.0,0.0,15.0,7.0,0.0,2.0,0.0,12.0,56.0,3.0,0.0,0.0,0.0,0.0,5.0,0.0,0.0,0.0,10.0,0.0,5.0,96.0,0.0,0.0,0.0,2.0,10.0,0.0,0.0,9.0,0.0,1.0,0.0,2.0,July,2020
137,2020-07-27,3197,440.0,286.0,154.0,90.0,5.0,326.0,10.0,0.0,17.0,0.0,0.0,0.0,0.0,0.0,2.0,0.0,5.0,0.0,0.0,0.0,0.0,13.0,0.0,0.0,1.0,2.0,0.0,32.0,1.0,0.0,0.0,1.0,0.0,0.0,5.0,0.0,0.0,0.0,5.0,0.0,17.0,0.0,0.0,0.0,1.0,0.0,0.0,2.0,0.0,0.0,0.0,0.0,5.0,July,2020
138,2020-07-28,4888,606.0,409.0,197.0,75.0,14.0,448.0,7.0,0.0,54.0,0.0,0.0,0.0,0.0,0.0,7.0,0.0,1.0,3.0,0.0,0.0,0.0,11.0,9.0,0.0,2.0,2.0,11.0,16.0,1.0,0.0,0.0,0.0,0.0,0.0,0.0,0.0,0.0,2.0,0.0,0.0,25.0,0.0,0.0,1.0,0.0,6.0,0.0,0.0,0.0,0.0,0.0,0.0,14.0,July,2020
139,2020-07-29,5259,544.0,340.0,204.0,113.0,12.0,326.0,15.0,1.0,51.0,7.0,2.0,1.0,1.0,4.0,19.0,0.0,9.0,0.0,9.0,1.0,0.0,9.0,1.0,1.0,5.0,0.0,20.0,11.0,0.0,0.0,1.0,0.0,0.0,0.0,0.0,0.0,1.0,10.0,0.0,6.0,33.0,0.0,0.0,0.0,0.0,0.0,0.0,0.0,0.0,0.0,0.0,0.0,12.0,July,2020
140,2020-07-30,5521,788.0,475.0,313.0,100.0,14.0,487.0,25.0,0.0,86.0,0.0,0.0,0.0,0.0,8.0,20.0,2.0,3.0,9.0,0.0,2.0,8.0,5.0,8.0,1.0,4.0,3.0,34.0,21.0,0.0,2.0,0.0,4.0,0.0,1.0,2.0,1.0,0.0,14.0,5.0,0.0,26.0,1.0,0.0,1.0,0.0,5.0,0.0,0.0,0.0,0.0,0.0,0.0,14.0,July,2020
141,2020-07-31,8679,723.0,450.0,273.0,44.0,16.0,436.0,48.0,2.0,45.0,0.0,0.0,0.0,2.0,6.0,8.0,0.0,7.0,5.0,0.0,0.0,3.0,10.0,7.0,0.0,3.0,0.0,83.0,9.0,0.0,2.0,1.0,0.0,1.0,1.0,1.0,3.0,0.0,0.0,5.0,0.0,9.0,0.0,0.0,2.0,2.0,3.0,0.0,2.0,12.0,2.0,2.0,1.0,16.0,July,2020
142,2020-08-01,6371,727.0,465.0,262.0,254.0,23.0,470.0,16.0,2.0,64.0,1.0,1.0,0.0,0.0,9.0,13.0,20.0,9.0,2.0,15.0,1.0,7.0,5.0,0.0,2.0,7.0,4.0,9.0,12.0,0.0,2.0,5.0,0.0,0.0,0.0,1.0,1.0,0.0,5.0,0.0,11.0,25.0,0.0,0.0,0.0,0.0,3.0,1.0,0.0,0.0,4.0,0.0,0.0,23.0,August,2020
143,2020-08-02,5393,690.0,492.0,198.0,58.0,5.0,535.0,1.0,0.0,56.0,0.0,1.0,0.0,0.0,6.0,9.0,0.0,0.0,0.0,0.0,0.0,0.0,0.0,0.0,0.0,24.0,0.0,6.0,7.0,4.0,1.0,1.0,0.0,0.0,0.0,0.0,1.0,0.0,3.0,0.0,3.0,28.0,0.0,0.0,0.0,0.0,4.0,0.0,0.0,0.0,0.0,0.0,0.0,5.0,August,2020
144,2020-08-03,2653,544.0,315.0,229.0,263.0,13.0,412.0,9.0,0.0,27.0,1.0,1.0,0.0,0.0,0.0,1.0,0.0,1.0,0.0,0.0,0.0,0.0,14.0,0.0,0.0,5.0,0.0,8.0,17.0,1.0,1.0,0.0,0.0,0.0,4.0,1.0,1.0,0.0,5.0,0.0,2.0,17.0,0.0,0.0,0.0,0.0,16.0,0.0,0.0,0.0,0.0,0.0,0.0,13.0,August,2020
145,2020-08-04,4547,0.0,0.0,0.0,587.0,6.0,373.0,9.0,0.0,35.0,0.0,1.0,0.0,12.0,2.0,20.0,0.0,5.0,0.0,25.0,0.0,1.0,11.0,5.0,0.0,2.0,0.0,15.0,10.0,0.0,1.0,0.0,0.0,2.0,2.0,2.0,0.0,0.0,20.0,0.0,16.0,16.0,1.0,0.0,0.0,3.0,0.0,8.0,0.0,7.0,1.0,0.0,0.0,6.0,August,2020
146,2020-08-05,6200,671.0,413.0,258.0,603.0,3.0,376.0,6.0,2.0,112.0,5.0,0.0,1.0,1.0,16.0,15.0,0.0,2.0,9.0,0.0,2.0,0.0,15.0,9.0,0.0,13.0,5.0,10.0,20.0,5.0,7.0,0.0,2.0,0.0,0.0,2.0,0.0,0.0,10.0,2.0,0.0,16.0,0.0,0.0,0.0,1.0,3.0,1.0,0.0,0.0,0.0,3.0,0.0,3.0,August,2020
147,2020-08-06,6195,538.0,333.0,205.0,514.0,8.0,277.0,7.0,0.0,72.0,3.0,0.0,0.0,0.0,1.0,8.0,0.0,15.0,6.0,7.0,3.0,0.0,2.0,1.0,0.0,20.0,0.0,25.0,9.0,0.0,3.0,0.0,2.0,0.0,2.0,0.0,1.0,0.0,3.0,1.0,6.0,55.0,0.0,6.0,0.0,0.0,0.0,1.0,1.0,0.0,0.0,0.0,0.0,8.0,August,2020
148,2020-08-07,6814,727.0,539.0,188.0,674.0,14.0,393.0,9.0,0.0,53.0,5.0,0.0,0.0,2.0,5.0,20.0,4.0,1.0,1.0,1.0,0.0,0.0,0.0,0.0,0.0,1.0,0.0,30.0,38.0,0.0,4.0,0.0,0.0,1.0,8.0,0.0,0.0,0.0,14.0,0.0,9.0,108.0,0.0,0.0,0.0,0.0,1.0,0.0,0.0,0.0,0.0,0.0,0.0,14.0,August,2020
149,2020-08-08,7175,699.0,427.0,272.0,781.0,5.0,414.0,9.0,0.0,54.0,5.0,7.0,0.0,0.0,2.0,9.0,0.0,2.0,3.0,3.0,1.0,1.0,15.0,6.0,4.0,0.0,3.0,21.0,36.0,0.0,3.0,2.0,0.0,0.0,0.0,0.0,0.0,0.0,0.0,0.0,11.0,81.0,0.0,0.0,0.0,2.0,3.0,0.0,0.0,0.0,0.0,0.0,1.0,5.0,August,2020
150,2020-08-09,4420,599.0,373.0,226.0,1062.0,2.0,318.0,28.0,0.0,70.0,9.0,0.0,1.0,6.0,4.0,2.0,0.0,4.0,1.0,0.0,1.0,1.0,0.0,14.0,0.0,3.0,1.0,39.0,38.0,0.0,2.0,3.0,0.0,0.0,5.0,3.0,0.0,0.0,3.0,0.0,0.0,26.0,4.0,0.0,0.0,0.0,1.0,0.0,1.0,0.0,10.0,0.0,1.0,2.0,August,2020
151,2020-08-10,4603,492.0,331.0,161.0,534.0,3.0,357.0,3.0,0.0,37.0,0.0,0.0,0.0,0.0,0.0,5.0,0.0,3.0,0.0,0.0,0.0,0.0,1.0,0.0,0.0,0.0,0.0,0.0,10.0,3.0,0.0,0.0,0.0,0.0,1.0,2.0,0.0,0.0,0.0,3.0,0.0,14.0,0.0,0.0,0.0,0.0,52.0,0.0,0.0,0.0,1.0,0.0,0.0,3.0,August,2020
152,2020-08-11,4171,497.0,312.0,185.0,372.0,15.0,236.0,19.0,0.0,45.0,3.0,0.0,5.0,2.0,17.0,8.0,3.0,11.0,7.0,0.0,17.0,0.0,5.0,5.0,0.0,8.0,11.0,2.0,19.0,2.0,3.0,0.0,0.0,0.0,1.0,5.0,2.0,5.0,0.0,0.0,18.0,26.0,0.0,0.0,3.0,0.0,3.0,0.0,3.0,2.0,0.0,0.0,1.0,15.0,August,2020
153,2020-08-12,6590,679.0,400.0,279.0,743.0,18.0,349.0,16.0,2.0,69.0,0.0,0.0,1.0,1.0,7.0,6.0,4.0,4.0,1.0,8.0,3.0,1.0,13.0,14.0,3.0,23.0,6.0,8.0,25.0,3.0,5.0,13.0,11.0,0.0,4.0,2.0,0.0,0.0,2.0,1.0,9.0,35.0,2.0,0.0,0.0,1.0,18.0,1.0,0.0,0.0,4.0,4.0,0.0,18.0,August,2020
154,2020-08-13,6768,650.0,391.0,259.0,490.0,4.0,356.0,7.0,0.0,53.0,7.0,9.0,1.0,0.0,2.0,20.0,0.0,5.0,10.0,7.0,1.0,0.0,15.0,4.0,0.0,1.0,3.0,48.0,26.0,3.0,0.0,0.0,6.0,1.0,4.0,0.0,0.0,0.0,5.0,3.0,15.0,20.0,4.0,2.0,0.0,0.0,0.0,4.0,0.0,5.0,1.0,0.0,2.0,4.0,August,2020
155,2020-08-14,5458,580.0,336.0,244.0,198.0,5.0,375.0,15.0,2.0,53.0,2.0,1.0,0.0,5.0,12.0,17.0,0.0,1.0,0.0,0.0,1.0,1.0,4.0,0.0,0.0,7.0,0.0,15.0,23.0,0.0,0.0,1.0,0.0,0.0,4.0,3.0,0.0,0.0,0.0,2.0,3.0,14.0,2.0,0.0,10.0,0.0,1.0,4.0,0.0,2.0,0.0,0.0,0.0,5.0,August,2020
156,2020-08-15,6353,515.0,316.0,199.0,672.0,7.0,251.0,7.0,0.0,33.0,19.0,0.0,0.0,2.0,0.0,4.0,0.0,11.0,19.0,10.0,0.0,0.0,8.0,23.0,16.0,9.0,3.0,18.0,3.0,3.0,0.0,3.0,0.0,0.0,0.0,0.0,0.0,0.0,4.0,0.0,12.0,8.0,41.0,0.0,5.0,0.0,0.0,0.0,3.0,0.0,0.0,0.0,0.0,7.0,August,2020
157,2020-08-16,3746,271.0,170.0,101.0,686.0,2.0,126.0,6.0,0.0,11.0,2.0,1.0,0.0,2.0,8.0,14.0,13.0,1.0,0.0,0.0,4.0,1.0,0.0,0.0,0.0,4.0,0.0,10.0,12.0,0.0,0.0,0.0,0.0,0.0,1.0,1.0,0.0,0.0,12.0,0.0,0.0,10.0,10.0,0.0,3.0,3.0,8.0,8.0,0.0,0.0,0.0,0.0,0.0,2.0,August,2020
158,2020-08-17,3150,245.0,145.0,100.0,504.0,8.0,149.0,10.0,0.0,23.0,0.0,0.0,0.0,0.0,1.0,4.0,0.0,2.0,0.0,0.0,0.0,0.0,1.0,0.0,0.0,7.0,0.0,0.0,9.0,0.0,0.0,0.0,1.0,0.0,0.0,3.0,1.0,0.0,7.0,0.0,2.0,14.0,2.0,0.0,0.0,0.0,9.0,0.0,0.0,0.0,0.0,0.0,0.0,8.0,August,2020
159,2020-08-18,4019,271.0,178.0,93.0,208.0,5.0,99.0,3.0,1.0,20.0,0.0,0.0,0.0,0.0,3.0,12.0,1.0,3.0,0.0,18.0,0.0,0.0,18.0,0.0,0.0,2.0,2.0,4.0,3.0,1.0,0.0,0.0,0.0,0.0,4.0,3.0,0.0,0.0,0.0,0.0,20.0,9.0,1.0,0.0,11.0,3.0,4.0,11.0,0.0,10.0,0.0,3.0,2.0,5.0,August,2020
160,2020-08-19,4512,379.0,223.0,156.0,244.0,19.0,219.0,7.0,0.0,40.0,1.0,0.0,1.0,0.0,10.0,2.0,1.0,0.0,5.0,0.0,1.0,0.0,28.0,6.0,2.0,4.0,4.0,0.0,13.0,0.0,0.0,0.0,0.0,0.0,1.0,2.0,0.0,0.0,3.0,5.0,1.0,14.0,0.0,0.0,0.0,1.0,2.0,0.0,0.0,0.0,3.0,0.0,0.0,19.0,August,2020
161,2020-08-20,4513,426.0,239.0,187.0,256.0,10.0,132.0,16.0,0.0,24.0,0.0,0.0,0.0,1.0,11.0,7.0,1.0,0.0,0.0,17.0,0.0,0.0,10.0,48.0,0.0,7.0,0.0,11.0,21.0,2.0,1.0,3.0,8.0,0.0,6.0,4.0,0.0,0.0,0.0,1.0,13.0,63.0,13.0,0.0,1.0,0.0,3.0,0.0,0.0,0.0,2.0,0.0,0.0,10.0,August,2020
162,2020-08-21,4470,322.0,179.0,143.0,288.0,16.0,106.0,11.0,1.0,23.0,23.0,0.0,2.0,0.0,5.0,13.0,0.0,1.0,5.0,0.0,0.0,0.0,3.0,1.0,4.0,0.0,4.0,25.0,25.0,0.0,0.0,3.0,0.0,0.0,1.0,0.0,0.0,0.0,0.0,0.0,0.0,53.0,3.0,0.0,0.0,3.0,4.0,0.0,0.0,3.0,0.0,0.0,0.0,16.0,August,2020
163,2020-08-22,5724,355.0,213.0,142.0,296.0,10.0,118.0,25.0,1.0,23.0,3.0,0.0,0.0,0.0,9.0,6.0,4.0,4.0,6.0,20.0,0.0,0.0,4.0,5.0,7.0,0.0,1.0,25.0,18.0,1.0,1.0,1.0,0.0,0.0,0.0,1.0,1.0,0.0,9.0,0.0,9.0,20.0,5.0,0.0,15.0,5.0,4.0,2.0,0.0,0.0,0.0,1.0,1.0,10.0,August,2020
164,2020-08-23,4179,246.0,157.0,89.0,217.0,6.0,78.0,6.0,0.0,22.0,11.0,0.0,1.0,1.0,8.0,17.0,12.0,1.0,0.0,0.0,17.0,0.0,0.0,1.0,0.0,2.0,0.0,20.0,16.0,3.0,0.0,0.0,1.0,0.0,0.0,1.0,0.0,0.0,0.0,0.0,0.0,24.0,1.0,0.0,0.0,0.0,2.0,0.0,0.0,0.0,1.0,0.0,0.0,6.0,August,2020
165,2020-08-24,3381,193.0,137.0,56.0,225.0,6.0,78.0,10.0,0.0,18.0,0.0,0.0,0.0,0.0,0.0,0.0,0.0,5.0,0.0,0.0,2.0,0.0,1.0,0.0,0.0,13.0,0.0,1.0,1.0,24.0,1.0,1.0,1.0,0.0,0.0,2.0,0.0,0.0,0.0,0.0,0.0,3.0,0.0,0.0,4.0,0.0,21.0,6.0,0.0,0.0,1.0,0.0,0.0,6.0,August,2020
166,2020-08-25,4149,246.0,170.0,76.0,160.0,6.0,75.0,7.0,0.0,28.0,0.0,1.0,1.0,1.0,18.0,1.0,0.0,4.0,0.0,9.0,0.0,0.0,8.0,0.0,0.0,6.0,2.0,2.0,16.0,2.0,0.0,0.0,1.0,0.0,2.0,5.0,3.0,0.0,0.0,2.0,4.0,3.0,4.0,0.0,10.0,7.0,13.0,0.0,0.0,9.0,1.0,1.0,0.0,6.0,August,2020
167,2020-08-26,4017,213.0,139.0,74.0,241.0,5.0,101.0,19.0,0.0,12.0,3.0,3.0,0.0,0.0,2.0,17.0,3.0,2.0,4.0,0.0,0.0,0.0,1.0,6.0,0.0,0.0,0.0,2.0,8.0,0.0,5.0,0.0,0.0,0.0,2.0,3.0,1.0,0.0,1.0,0.0,0.0,7.0,0.0,0.0,2.0,0.0,0.0,3.0,0.0,0.0,5.0,1.0,0.0,5.0,August,2020
168,2020-08-27,4663,373.0,273.0,100.0,72.0,3.0,117.0,6.0,0.0,12.0,32.0,0.0,1.0,2.0,11.0,66.0,4.0,5.0,2.0,5.0,0.0,1.0,8.0,3.0,15.0,3.0,3.0,37.0,3.0,0.0,1.0,0.0,0.0,0.0,1.0,0.0,0.0,0.0,7.0,0.0,0.0,4.0,2.0,0.0,0.0,7.0,7.0,0.0,0.0,1.0,7.0,0.0,0.0,3.0,August,2020
169,2020-08-28,4520,241.0,152.0,89.0,66.0,0.0,113.0,14.0,0.0,10.0,0.0,1.0,0.0,4.0,3.0,5.0,9.0,0.0,2.0,0.0,4.0,0.0,6.0,4.0,0.0,2.0,1.0,7.0,2.0,1.0,0.0,1.0,0.0,0.0,2.0,4.0,0.0,0.0,9.0,0.0,7.0,8.0,1.0,0.0,5.0,10.0,0.0,0.0,0.0,6.0,0.0,0.0,0.0,0.0,August,2020
170,2020-08-29,3009,164.0,90.0,74.0,156.0,5.0,56.0,4.0,0.0,5.0,0.0,0.0,0.0,0.0,1.0,6.0,1.0,0.0,0.0,0.0,0.0,0.0,14.0,0.0,0.0,1.0,0.0,8.0,24.0,0.0,1.0,2.0,0.0,0.0,1.0,5.0,0.0,0.0,0.0,0.0,0.0,15.0,0.0,0.0,4.0,11.0,1.0,0.0,0.0,4.0,0.0,0.0,0.0,5.0,August,2020
171,2020-08-30,4424,263.0,180.0,83.0,98.0,2.0,81.0,9.0,1.0,26.0,6.0,0.0,0.0,0.0,2.0,10.0,0.0,2.0,2.0,4.0,0.0,1.0,0.0,0.0,0.0,13.0,0.0,15.0,3.0,20.0,2.0,0.0,0.0,0.0,18.0,1.0,0.0,0.0,3.0,2.0,2.0,7.0,6.0,0.0,3.0,10.0,8.0,0.0,0.0,0.0,1.0,5.0,0.0,2.0,August,2020
172,2020-08-31,4260,144.0,88.0,56.0,205.0,3.0,77.0,18.0,0.0,9.0,0.0,0.0,0.0,0.0,6.0,0.0,0.0,0.0,0.0,0.0,1.0,1.0,0.0,0.0,1.0,0.0,2.0,4.0,5.0,0.0,1.0,0.0,0.0,0.0,0.0,1.0,0.0,0.0,5.0,0.0,1.0,6.0,0.0,0.0,0.0,0.0,0.0,0.0,0.0,5.0,1.0,0.0,0.0,3.0,August,2020
173,2020-09-01,1682,114.0,93.0,21.0,318.0,0.0,16.0,17.0,0.0,14.0,0.0,0.0,0.0,0.0,1.0,12.0,0.0,0.0,0.0,3.0,0.0,0.0,6.0,0.0,0.0,5.0,0.0,0.0,2.0,1.0,0.0,0.0,0.0,0.0,0.0,0.0,0.0,0.0,0.0,0.0,0.0,0.0,14.0,0.0,0.0,8.0,15.0,0.0,0.0,0.0,0.0,0.0,0.0,0.0,September,2020
174,2020-09-02,3474,178.0,110.0,68.0,238.0,4.0,48.0,3.0,0.0,12.0,10.0,0.0,0.0,0.0,9.0,22.0,0.0,1.0,4.0,0.0,0.0,1.0,8.0,24.0,0.0,1.0,0.0,7.0,2.0,6.0,1.0,0.0,0.0,0.0,1.0,0.0,0.0,0.0,2.0,0.0,1.0,0.0,2.0,0.0,0.0,0.0,12.0,0.0,0.0,0.0,1.0,0.0,0.0,4.0,September,2020
175,2020-09-03,3937,212.0,132.0,80.0,195.0,4.0,96.0,21.0,0.0,11.0,0.0,1.0,0.0,0.0,0.0,10.0,0.0,1.0,2.0,1.0,0.0,0.0,9.0,1.0,0.0,1.0,0.0,7.0,7.0,0.0,1.0,0.0,0.0,0.0,0.0,6.0,1.0,1.0,8.0,0.0,9.0,4.0,0.0,0.0,6.0,8.0,0.0,0.0,0.0,0.0,0.0,0.0,0.0,4.0,September,2020
176,2020-09-04,4178,179.0,126.0,53.0,415.0,4.0,66.0,2.0,0.0,9.0,2.0,0.0,3.0,0.0,5.0,11.0,0.0,1.0,0.0,0.0,3.0,0.0,1.0,3.0,0.0,2.0,0.0,12.0,3.0,0.0,0.0,0.0,0.0,0.0,0.0,1.0,0.0,0.0,0.0,1.0,2.0,3.0,6.0,0.0,0.0,10.0,21.0,0.0,0.0,12.0,0.0,0.0,0.0,4.0,September,2020
177,2020-09-05,3707,136.0,85.0,51.0,99.0,5.0,35.0,25.0,0.0,1.0,3.0,0.0,0.0,2.0,9.0,3.0,0.0,0.0,0.0,8.0,1.0,0.0,4.0,0.0,0.0,0.0,0.0,0.0,0.0,6.0,0.0,7.0,1.0,1.0,0.0,7.0,0.0,0.0,0.0,2.0,0.0,11.0,1.0,0.0,0.0,0.0,0.0,0.0,0.0,9.0,0.0,0.0,0.0,5.0,September,2020
178,2020-09-06,3093,83.0,58.0,25.0,72.0,3.0,27.0,1.0,0.0,5.0,3.0,0.0,0.0,0.0,12.0,15.0,1.0,0.0,0.0,0.0,0.0,0.0,1.0,0.0,0.0,0.0,0.0,7.0,7.0,0.0,0.0,1.0,0.0,0.0,0.0,0.0,0.0,0.0,0.0,0.0,3.0,0.0,0.0,0.0,0.0,0.0,0.0,0.0,0.0,0.0,0.0,0.0,0.0,3.0,September,2020
179,2020-09-07,2668,102.0,51.0,51.0,80.0,2.0,41.0,6.0,0.0,7.0,0.0,2.0,0.0,0.0,1.0,5.0,0.0,3.0,0.0,0.0,0.0,0.0,0.0,0.0,0.0,4.0,0.0,0.0,2.0,1.0,3.0,0.0,0.0,0.0,2.0,2.0,0.0,0.0,0.0,0.0,1.0,2.0,11.0,0.0,0.0,4.0,1.0,0.0,0.0,4.0,0.0,0.0,0.0,2.0,September,2020
180,2020-09-08,3542,151.0,74.0,77.0,173.0,0.0,23.0,2.0,0.0,9.0,7.0,0.0,0.0,0.0,0.0,2.0,0.0,0.0,1.0,9.0,6.0,0.0,11.0,3.0,0.0,0.0,0.0,1.0,2.0,0.0,1.0,1.0,0.0,0.0,0.0,2.0,0.0,0.0,4.0,0.0,1.0,1.0,54.0,0.0,0.0,2.0,9.0,0.0,0.0,0.0,0.0,0.0,0.0,0.0,September,2020
181,2020-09-09,2285,0.0,0.0,0.0,74.0,8.0,0.0,0.0,0.0,0.0,0.0,0.0,0.0,0.0,0.0,0.0,0.0,0.0,0.0,0.0,0.0,0.0,0.0,0.0,0.0,0.0,0.0,0.0,0.0,0.0,0.0,0.0,0.0,0.0,0.0,0.0,0.0,0.0,0.0,0.0,0.0,0.0,0.0,0.0,0.0,0.0,0.0,0.0,0.0,0.0,0.0,0.0,0.0,8.0,September,2020
182,2020-09-10,3854,143.0,85.0,58.0,490.0,5.0,35.0,9.0,0.0,9.0,4.0,0.0,0.0,0.0,4.0,1.0,0.0,0.0,0.0,1.0,2.0,0.0,2.0,0.0,0.0,2.0,0.0,9.0,5.0,3.0,1.0,0.0,0.0,0.0,2.0,8.0,0.0,0.0,0.0,0.0,0.0,5.0,23.0,0.0,0.0,1.0,9.0,0.0,0.0,7.0,1.0,0.0,0.0,5.0,September,2020
183,2020-09-11,4609,190.0,136.0,54.0,395.0,4.0,65.0,16.0,0.0,6.0,9.0,1.0,0.0,1.0,2.0,2.0,0.0,1.0,2.0,0.0,2.0,0.0,13.0,4.0,0.0,0.0,0.0,4.0,4.0,10.0,4.0,0.0,0.0,0.0,0.0,1.0,0.0,0.0,4.0,0.0,0.0,6.0,27.0,0.0,0.0,0.0,6.0,0.0,0.0,0.0,0.0,0.0,0.0,4.0,September,2020
184,2020-09-12,4115,176.0,132.0,44.0,329.0,6.0,32.0,22.0,6.0,7.0,9.0,0.0,0.0,0.0,6.0,2.0,0.0,1.0,0.0,6.0,0.0,0.0,5.0,2.0,1.0,6.0,0.0,29.0,1.0,1.0,5.0,2.0,0.0,0.0,0.0,1.0,5.0,0.0,3.0,1.0,1.0,14.0,2.0,0.0,0.0,0.0,6.0,0.0,0.0,0.0,0.0,0.0,0.0,6.0,September,2020
185,2020-09-13,3092,188.0,149.0,39.0,296.0,3.0,23.0,43.0,0.0,10.0,0.0,0.0,0.0,1.0,4.0,0.0,0.0,0.0,0.0,0.0,27.0,0.0,5.0,4.0,0.0,2.0,0.0,7.0,1.0,5.0,2.0,0.0,1.0,0.0,0.0,5.0,0.0,0.0,1.0,0.0,2.0,7.0,2.0,0.0,1.0,4.0,1.0,1.0,0.0,29.0,0.0,0.0,0.0,3.0,September,2020
186,2020-09-14,1081,48.0,31.0,17.0,176.0,2.0,15.0,20.0,0.0,2.0,0.0,0.0,0.0,0.0,0.0,0.0,0.0,0.0,0.0,0.0,0.0,0.0,0.0,0.0,1.0,0.0,0.0,0.0,1.0,0.0,2.0,0.0,4.0,0.0,0.0,2.0,0.0,0.0,0.0,0.0,0.0,0.0,0.0,0.0,0.0,0.0,0.0,0.0,1.0,0.0,0.0,0.0,0.0,2.0,September,2020
187,2020-09-15,3270,0.0,0.0,0.0,285.0,6.0,0.0,0.0,0.0,0.0,0.0,0.0,0.0,0.0,0.0,0.0,0.0,0.0,0.0,0.0,0.0,0.0,0.0,0.0,0.0,0.0,0.0,0.0,0.0,0.0,0.0,0.0,0.0,0.0,0.0,0.0,0.0,0.0,0.0,0.0,0.0,0.0,0.0,0.0,0.0,0.0,0.0,0.0,0.0,0.0,0.0,0.0,0.0,6.0,September,2020
188,2020-09-16,2985,92.0,64.0,28.0,165.0,3.0,25.0,20.0,0.0,4.0,0.0,0.0,0.0,3.0,5.0,2.0,0.0,0.0,0.0,0.0,0.0,0.0,6.0,0.0,0.0,1.0,0.0,8.0,2.0,0.0,0.0,0.0,0.0,0.0,0.0,1.0,0.0,0.0,0.0,0.0,0.0,2.0,0.0,0.0,0.0,1.0,7.0,0.0,0.0,4.0,0.0,1.0,0.0,3.0,September,2020
189,2020-09-17,4188,183.0,131.0,52.0,82.0,5.0,54.0,20.0,0.0,2.0,7.0,0.0,0.0,1.0,26.0,2.0,0.0,0.0,0.0,0.0,16.0,3.0,0.0,11.0,2.0,3.0,0.0,10.0,6.0,1.0,5.0,0.0,0.0,0.0,0.0,2.0,0.0,0.0,0.0,0.0,0.0,2.0,0.0,0.0,3.0,0.0,0.0,2.0,0.0,5.0,0.0,0.0,0.0,5.0,September,2020
190,2020-09-18,2438,148.0,105.0,43.0,98.0,4.0,32.0,40.0,0.0,11.0,0.0,0.0,0.0,0.0,5.0,0.0,0.0,1.0,0.0,0.0,3.0,0.0,6.0,1.0,0.0,0.0,0.0,7.0,1.0,7.0,0.0,0.0,0.0,1.0,1.0,0.0,1.0,0.0,0.0,1.0,15.0,6.0,4.0,0.0,0.0,5.0,0.0,0.0,0.0,0.0,0.0,0.0,0.0,4.0,September,2020
191,2020-09-19,2868,105.0,83.0,22.0,68.0,0.0,33.0,9.0,0.0,4.0,0.0,8.0,0.0,3.0,3.0,15.0,0.0,1.0,4.0,0.0,2.0,0.0,0.0,0.0,0.0,1.0,0.0,4.0,2.0,0.0,2.0,0.0,0.0,0.0,0.0,0.0,0.0,0.0,0.0,0.0,1.0,3.0,2.0,0.0,0.0,4.0,4.0,0.0,0.0,0.0,0.0,0.0,0.0,0.0,September,2020
192,2020-09-20,2224,152.0,84.0,68.0,110.0,2.0,34.0,24.0,0.0,19.0,20.0,0.0,1.0,2.0,19.0,0.0,0.0,1.0,0.0,0.0,0.0,1.0,1.0,1.0,0.0,0.0,0.0,10.0,1.0,2.0,2.0,0.0,0.0,0.0,0.0,0.0,0.0,0.0,0.0,0.0,0.0,3.0,0.0,0.0,0.0,1.0,0.0,1.0,0.0,8.0,0.0,0.0,1.0,2.0,September,2020
193,2020-09-21,1644,98.0,63.0,35.0,62.0,2.0,32.0,20.0,0.0,5.0,0.0,0.0,0.0,0.0,4.0,0.0,0.0,2.0,0.0,4.0,0.0,0.0,8.0,0.0,0.0,0.0,0.0,1.0,4.0,1.0,8.0,0.0,0.0,2.0,0.0,2.0,1.0,0.0,0.0,0.0,0.0,0.0,0.0,0.0,0.0,2.0,1.0,1.0,0.0,0.0,0.0,0.0,0.0,2.0,September,2020
194,2020-09-22,1774,134.0,112.0,22.0,198.0,9.0,46.0,9.0,0.0,6.0,1.0,0.0,0.0,0.0,44.0,0.0,1.0,0.0,0.0,0.0,0.0,0.0,0.0,9.0,0.0,0.0,0.0,2.0,3.0,1.0,1.0,0.0,0.0,0.0,1.0,0.0,0.0,0.0,0.0,0.0,4.0,9.0,0.0,0.0,0.0,0.0,1.0,0.0,0.0,1.0,0.0,0.0,0.0,9.0,September,2020
195,2020-09-23,3874,130.0,89.0,41.0,106.0,5.0,35.0,14.0,0.0,23.0,5.0,0.0,0.0,0.0,19.0,5.0,0.0,0.0,2.0,0.0,1.0,1.0,8.0,6.0,0.0,0.0,0.0,0.0,1.0,0.0,1.0,0.0,0.0,0.0,0.0,5.0,0.0,0.0,2.0,0.0,0.0,1.0,0.0,0.0,0.0,0.0,0.0,0.0,0.0,1.0,0.0,0.0,0.0,5.0,September,2020
196,2020-09-24,3307,141.0,103.0,38.0,81.0,5.0,14.0,14.0,1.0,9.0,0.0,2.0,0.0,0.0,6.0,1.0,0.0,1.0,0.0,8.0,28.0,0.0,5.0,0.0,2.0,0.0,1.0,24.0,2.0,0.0,1.0,0.0,0.0,0.0,0.0,0.0,0.0,2.0,5.0,0.0,0.0,6.0,5.0,0.0,0.0,0.0,0.0,0.0,0.0,4.0,0.0,0.0,0.0,5.0,September,2020
197,2020-09-25,5424,218.0,159.0,59.0,170.0,13.0,68.0,21.0,0.0,13.0,28.0,0.0,0.0,2.0,19.0,10.0,0.0,1.0,1.0,1.0,0.0,0.0,3.0,2.0,1.0,1.0,0.0,4.0,8.0,0.0,0.0,1.0,6.0,0.0,1.0,1.0,0.0,0.0,2.0,0.0,2.0,11.0,0.0,0.0,0.0,5.0,6.0,0.0,0.0,0.0,0.0,0.0,0.0,13.0,September,2020
198,2020-09-26,2872,164.0,115.0,49.0,77.0,7.0,41.0,11.0,0.0,2.0,0.0,2.0,0.0,1.0,17.0,22.0,0.0,0.0,0.0,0.0,5.0,1.0,4.0,1.0,0.0,0.0,1.0,10.0,4.0,12.0,0.0,0.0,0.0,0.0,0.0,3.0,0.0,6.0,4.0,0.0,0.0,0.0,0.0,0.0,0.0,1.0,0.0,0.0,0.0,14.0,0.0,0.0,2.0,7.0,September,2020
199,2020-09-27,3707,244.0,157.0,87.0,40.0,2.0,63.0,13.0,0.0,10.0,23.0,1.0,0.0,1.0,14.0,9.0,0.0,1.0,0.0,0.0,7.0,2.0,2.0,5.0,0.0,1.0,0.0,58.0,0.0,0.0,1.0,0.0,1.0,0.0,0.0,0.0,0.0,0.0,2.0,0.0,2.0,5.0,0.0,0.0,0.0,0.0,16.0,0.0,0.0,6.0,0.0,0.0,1.0,2.0,September,2020
200,2020-09-28,1107,53.0,32.0,21.0,60.0,9.0,11.0,0.0,0.0,6.0,0.0,0.0,0.0,0.0,1.0,2.0,0.0,0.0,0.0,0.0,0.0,0.0,6.0,0.0,0.0,0.0,0.0,4.0,2.0,1.0,11.0,0.0,0.0,0.0,1.0,0.0,1.0,0.0,0.0,0.0,2.0,3.0,0.0,0.0,0.0,0.0,2.0,0.0,0.0,0.0,0.0,0.0,0.0,9.0,September,2020
201,2020-09-29,3604,210.0,127.0,83.0,59.0,7.0,55.0,15.0,0.0,21.0,8.0,0.0,0.0,1.0,10.0,0.0,0.0,0.0,0.0,0.0,0.0,0.0,0.0,36.0,0.0,0.0,1.0,19.0,1.0,4.0,0.0,0.0,0.0,0.0,0.0,6.0,1.0,0.0,0.0,0.0,0.0,1.0,24.0,0.0,0.0,0.0,0.0,0.0,2.0,5.0,0.0,0.0,0.0,7.0,September,2020
202,2020-09-30,2927,151.0,97.0,54.0,168.0,4.0,32.0,10.0,0.0,5.0,6.0,1.0,1.0,1.0,22.0,0.0,0.0,2.0,5.0,0.0,0.0,3.0,2.0,0.0,0.0,0.0,0.0,24.0,0.0,0.0,8.0,0.0,0.0,0.0,0.0,2.0,0.0,2.0,0.0,0.0,0.0,8.0,1.0,0.0,0.0,0.0,14.0,0.0,0.0,0.0,0.0,0.0,2.0,4.0,September,2020
203,2020-10-01,4700,184.0,110.0,74.0,115.0,7.0,57.0,22.0,0.0,4.0,6.0,0.0,0.0,0.0,20.0,0.0,0.0,0.0,2.0,0.0,8.0,1.0,6.0,13.0,3.0,0.0,1.0,13.0,7.0,2.0,0.0,0.0,0.0,0.0,1.0,0.0,4.0,1.0,6.0,0.0,7.0,0.0,0.0,0.0,0.0,0.0,0.0,0.0,0.0,0.0,0.0,0.0,0.0,7.0,October,2020
204,2020-10-02,3065,210.0,141.0,69.0,91.0,7.0,37.0,15.0,1.0,7.0,3.0,5.0,0.0,11.0,7.0,0.0,0.0,1.0,0.0,0.0,13.0,0.0,8.0,1.0,0.0,0.0,2.0,75.0,7.0,1.0,1.0,0.0,0.0,2.0,0.0,8.0,0.0,0.0,1.0,1.0,1.0,1.0,0.0,0.0,0.0,1.0,0.0,0.0,0.0,0.0,0.0,0.0,0.0,7.0,October,2020
205,2020-10-03,3387,261.0,186.0,75.0,312.0,3.0,128.0,13.0,1.0,5.0,12.0,0.0,3.0,1.0,37.0,0.0,0.0,0.0,0.0,0.0,1.0,1.0,8.0,0.0,1.0,1.0,1.0,5.0,7.0,1.0,5.0,0.0,2.0,1.0,1.0,11.0,0.0,3.0,0.0,0.0,0.0,5.0,4.0,0.0,1.0,0.0,2.0,0.0,0.0,0.0,0.0,0.0,0.0,3.0,October,2020
206,2020-10-04,4385,243.0,179.0,64.0,233.0,3.0,70.0,15.0,0.0,11.0,0.0,3.0,0.0,7.0,15.0,0.0,1.0,0.0,1.0,0.0,30.0,0.0,2.0,10.0,0.0,0.0,3.0,44.0,6.0,0.0,3.0,0.0,0.0,0.0,0.0,1.0,0.0,0.0,13.0,0.0,1.0,3.0,0.0,0.0,0.0,0.0,0.0,0.0,0.0,0.0,4.0,0.0,0.0,3.0,October,2020
207,2020-10-05,595,22.0,15.0,7.0,376.0,4.0,18.0,0.0,0.0,1.0,0.0,0.0,0.0,0.0,0.0,0.0,0.0,0.0,0.0,0.0,0.0,0.0,0.0,0.0,0.0,0.0,0.0,1.0,0.0,0.0,2.0,0.0,0.0,0.0,0.0,0.0,0.0,0.0,0.0,0.0,0.0,0.0,0.0,0.0,0.0,0.0,0.0,0.0,0.0,0.0,0.0,0.0,0.0,4.0,October,2020
208,2020-10-06,1258,137.0,94.0,43.0,296.0,8.0,64.0,12.0,0.0,8.0,1.0,0.0,0.0,0.0,1.0,0.0,0.0,0.0,0.0,0.0,4.0,0.0,6.0,1.0,0.0,0.0,0.0,1.0,1.0,0.0,1.0,0.0,1.0,0.0,0.0,0.0,0.0,0.0,0.0,0.0,1.0,1.0,0.0,0.0,0.0,0.0,0.0,0.0,0.0,34.0,0.0,0.0,0.0,8.0,October,2020
209,2020-10-07,4342,321.0,183.0,138.0,4328.0,5.0,109.0,31.0,0.0,7.0,15.0,0.0,0.0,0.0,16.0,0.0,0.0,0.0,1.0,2.0,32.0,5.0,12.0,3.0,1.0,0.0,1.0,37.0,2.0,0.0,9.0,1.0,1.0,0.0,0.0,8.0,0.0,0.0,16.0,0.0,5.0,4.0,1.0,0.0,1.0,0.0,0.0,0.0,0.0,0.0,0.0,0.0,1.0,5.0,October,2020
210,2020-10-08,5034,271.0,177.0,94.0,51.0,3.0,82.0,58.0,0.0,13.0,10.0,0.0,4.0,2.0,15.0,0.0,0.0,5.0,0.0,1.0,0.0,4.0,5.0,0.0,1.0,0.0,6.0,6.0,10.0,1.0,1.0,0.0,0.0,0.0,0.0,5.0,2.0,0.0,1.0,0.0,8.0,2.0,0.0,0.0,0.0,0.0,13.0,0.0,0.0,16.0,0.0,0.0,0.0,3.0,October,2020
211,2020-10-09,5327,442.0,286.0,156.0,166.0,4.0,80.0,47.0,2.0,10.0,13.0,1.0,0.0,1.0,20.0,0.0,1.0,1.0,1.0,2.0,14.0,11.0,22.0,10.0,0.0,0.0,2.0,94.0,2.0,20.0,15.0,1.0,0.0,1.0,0.0,12.0,2.0,1.0,0.0,10.0,0.0,11.0,1.0,0.0,0.0,4.0,12.0,0.0,0.0,18.0,0.0,0.0,0.0,4.0,October,2020
212,2020-10-10,6872,537.0,429.0,108.0,61.0,5.0,157.0,33.0,0.0,8.0,12.0,118.0,2.0,6.0,13.0,1.0,0.0,0.0,0.0,2.0,9.0,0.0,16.0,0.0,0.0,0.0,0.0,48.0,0.0,0.0,12.0,0.0,0.0,1.0,0.0,31.0,3.0,0.0,8.0,0.0,0.0,0.0,2.0,0.0,0.0,0.0,9.0,0.0,0.0,41.0,4.0,0.0,1.0,5.0,October,2020
213,2020-10-11,4287,388.0,284.0,104.0,63.0,6.0,84.0,51.0,0.0,29.0,0.0,8.0,3.0,0.0,17.0,10.0,0.0,0.0,0.0,0.0,49.0,2.0,0.0,11.0,0.0,2.0,2.0,86.0,7.0,0.0,10.0,2.0,3.0,0.0,2.0,0.0,2.0,0.0,0.0,0.0,0.0,3.0,0.0,0.0,0.0,0.0,5.0,0.0,0.0,0.0,0.0,0.0,0.0,6.0,October,2020
214,2020-10-12,2001,73.0,46.0,27.0,97.0,11.0,34.0,11.0,0.0,1.0,0.0,0.0,0.0,0.0,0.0,4.0,1.0,0.0,0.0,0.0,0.0,0.0,1.0,0.0,0.0,0.0,0.0,0.0,0.0,0.0,1.0,0.0,0.0,0.0,0.0,18.0,0.0,0.0,0.0,0.0,0.0,0.0,0.0,0.0,0.0,2.0,0.0,0.0,0.0,0.0,0.0,0.0,0.0,11.0,October,2020
215,2020-10-13,2592,318.0,215.0,103.0,243.0,10.0,112.0,29.0,1.0,5.0,21.0,0.0,0.0,8.0,19.0,24.0,1.0,8.0,0.0,0.0,3.0,0.0,30.0,0.0,4.0,0.0,0.0,25.0,2.0,5.0,0.0,1.0,1.0,0.0,0.0,6.0,0.0,0.0,0.0,0.0,5.0,2.0,0.0,0.0,0.0,0.0,1.0,0.0,0.0,3.0,2.0,0.0,0.0,10.0,October,2020
216,2020-10-14,5832,604.0,400.0,204.0,80.0,10.0,125.0,87.0,0.0,25.0,24.0,0.0,1.0,12.0,24.0,35.0,2.0,5.0,0.0,0.0,25.0,7.0,33.0,0.0,0.0,5.0,13.0,113.0,7.0,2.0,11.0,1.0,1.0,0.0,0.0,1.0,0.0,5.0,2.0,0.0,3.0,16.0,1.0,0.0,0.0,2.0,7.0,0.0,3.0,4.0,0.0,0.0,2.0,10.0,October,2020
217,2020-10-15,5618,602.0,407.0,195.0,80.0,8.0,133.0,44.0,2.0,11.0,21.0,12.0,5.0,28.0,46.0,7.0,0.0,1.0,2.0,0.0,0.0,2.0,47.0,32.0,0.0,2.0,10.0,47.0,20.0,2.0,1.0,12.0,0.0,0.0,3.0,46.0,0.0,5.0,1.0,6.0,13.0,7.0,0.0,0.0,1.0,0.0,6.0,1.0,1.0,25.0,0.0,0.0,0.0,8.0,October,2020
218,2020-10-16,4311,437.0,253.0,184.0,140.0,8.0,136.0,5.0,0.0,9.0,0.0,0.0,3.0,0.0,26.0,16.0,0.0,1.0,6.0,14.0,0.0,1.0,21.0,21.0,0.0,5.0,8.0,66.0,14.0,17.0,9.0,2.0,2.0,2.0,0.0,29.0,0.0,0.0,0.0,0.0,5.0,15.0,0.0,0.0,0.0,0.0,0.0,0.0,2.0,2.0,0.0,0.0,0.0,8.0,October,2020
219,2020-10-17,5512,616.0,391.0,225.0,104.0,12.0,121.0,55.0,0.0,13.0,10.0,21.0,0.0,32.0,26.0,8.0,1.0,6.0,5.0,0.0,1.0,2.0,74.0,29.0,10.0,2.0,1.0,110.0,2.0,3.0,4.0,0.0,0.0,1.0,2.0,0.0,2.0,6.0,4.0,3.0,9.0,10.0,0.0,0.0,0.0,0.0,20.0,0.0,1.0,16.0,6.0,0.0,0.0,12.0,October,2020
220,2020-10-18,4912,685.0,456.0,229.0,105.0,7.0,141.0,73.0,1.0,30.0,37.0,8.0,10.0,27.0,27.0,20.0,0.0,3.0,0.0,0.0,61.0,1.0,6.0,0.0,0.0,14.0,18.0,127.0,6.0,0.0,3.0,0.0,0.0,1.0,2.0,18.0,2.0,0.0,0.0,5.0,6.0,9.0,2.0,0.0,0.0,9.0,0.0,0.0,3.0,14.0,1.0,0.0,0.0,7.0,October,2020
221,2020-10-19,1852,195.0,137.0,58.0,227.0,7.0,99.0,10.0,0.0,10.0,0.0,1.0,0.0,0.0,2.0,18.0,0.0,8.0,0.0,0.0,0.0,0.0,17.0,0.0,0.0,0.0,1.0,7.0,2.0,0.0,14.0,1.0,0.0,0.0,0.0,0.0,0.0,0.0,0.0,0.0,0.0,3.0,1.0,0.0,0.0,0.0,0.0,0.0,1.0,0.0,0.0,0.0,0.0,7.0,October,2020
222,2020-10-20,3963,571.0,361.0,210.0,438.0,3.0,116.0,74.0,2.0,50.0,2.0,2.0,0.0,4.0,23.0,16.0,5.0,5.0,0.0,0.0,10.0,3.0,116.0,41.0,0.0,1.0,8.0,21.0,1.0,2.0,0.0,0.0,0.0,2.0,0.0,5.0,1.0,4.0,0.0,0.0,43.0,9.0,0.0,0.0,0.0,0.0,0.0,1.0,0.0,1.0,3.0,0.0,0.0,3.0,October,2020
223,2020-10-21,4888,497.0,295.0,202.0,238.0,16.0,227.0,51.0,0.0,6.0,2.0,0.0,0.0,1.0,4.0,19.0,0.0,0.0,0.0,0.0,0.0,0.0,37.0,0.0,1.0,4.0,0.0,9.0,64.0,10.0,2.0,0.0,0.0,2.0,3.0,6.0,0.0,0.0,1.0,0.0,28.0,11.0,0.0,0.0,0.0,0.0,0.0,0.0,7.0,2.0,0.0,0.0,0.0,16.0,October,2020
224,2020-10-22,7556,1068.0,666.0,402.0,290.0,12.0,305.0,74.0,0.0,18.0,28.0,3.0,6.0,47.0,60.0,14.0,3.0,9.0,6.0,9.0,3.0,5.0,48.0,58.0,0.0,4.0,48.0,137.0,14.0,1.0,20.0,1.0,0.0,1.0,0.0,34.0,0.0,12.0,4.0,3.0,26.0,18.0,0.0,0.0,1.0,1.0,15.0,0.0,4.0,22.0,6.0,0.0,0.0,12.0,October,2020
225,2020-10-23,6142,631.0,420.0,211.0,371.0,14.0,235.0,76.0,2.0,22.0,12.0,23.0,2.0,4.0,30.0,23.0,0.0,1.0,0.0,0.0,11.0,7.0,28.0,0.0,12.0,15.0,2.0,3.0,21.0,3.0,10.0,1.0,1.0,6.0,2.0,52.0,1.0,0.0,3.0,0.0,0.0,13.0,0.0,0.0,0.0,0.0,0.0,0.0,0.0,6.0,1.0,0.0,3.0,14.0,October,2020
226,2020-10-24,6862,947.0,595.0,352.0,455.0,12.0,154.0,37.0,10.0,30.0,18.0,13.0,0.0,46.0,37.0,28.0,0.0,11.0,9.0,20.0,21.0,9.0,181.0,30.0,0.0,1.0,8.0,146.0,2.0,0.0,17.0,0.0,2.0,7.0,0.0,2.0,0.0,15.0,2.0,6.0,24.0,5.0,5.0,0.0,0.0,0.0,0.0,2.0,3.0,27.0,5.0,0.0,14.0,12.0,October,2020
227,2020-10-25,6691,931.0,615.0,316.0,333.0,6.0,333.0,95.0,3.0,23.0,12.0,0.0,7.0,24.0,39.0,19.0,4.0,9.0,0.0,1.0,61.0,0.0,24.0,60.0,2.0,0.0,6.0,85.0,14.0,2.0,2.0,0.0,1.0,0.0,0.0,1.0,1.0,0.0,1.0,0.0,0.0,16.0,18.0,0.0,0.0,0.0,11.0,0.0,0.0,54.0,3.0,0.0,0.0,6.0,October,2020
228,2020-10-26,2126,276.0,179.0,97.0,220.0,18.0,50.0,71.0,0.0,3.0,0.0,0.0,0.0,0.0,0.0,21.0,0.0,0.0,0.0,0.0,0.0,0.0,0.0,0.0,0.0,0.0,0.0,5.0,58.0,0.0,0.0,0.0,1.0,0.0,3.0,21.0,19.0,0.0,4.0,0.0,0.0,13.0,0.0,0.0,0.0,1.0,6.0,0.0,0.0,0.0,0.0,0.0,0.0,18.0,October,2020
229,2020-10-27,4076,836.0,618.0,218.0,411.0,14.0,556.0,62.0,0.0,32.0,3.0,0.0,0.0,2.0,7.0,0.0,0.0,7.0,0.0,0.0,4.0,1.0,68.0,0.0,1.0,0.0,5.0,24.0,8.0,0.0,6.0,1.0,0.0,3.0,0.0,1.0,0.0,0.0,2.0,2.0,22.0,12.0,0.0,0.0,0.0,0.0,0.0,1.0,2.0,4.0,0.0,0.0,0.0,14.0,October,2020
230,2020-10-28,6649,0.0,0.0,0.0,426.0,16.0,199.0,117.0,5.0,102.0,30.0,66.0,6.0,4.0,50.0,8.0,5.0,10.0,18.0,1.0,3.0,18.0,55.0,73.0,0.0,16.0,10.0,67.0,12.0,0.0,14.0,2.0,6.0,0.0,0.0,40.0,4.0,16.0,2.0,3.0,9.0,9.0,0.0,0.0,0.0,2.0,9.0,5.0,3.0,2.0,14.0,2.0,0.0,16.0,October,2020
231,2020-10-29,4830,761.0,503.0,258.0,346.0,14.0,395.0,55.0,3.0,44.0,0.0,0.0,0.0,1.0,0.0,21.0,8.0,1.0,0.0,14.0,12.0,1.0,103.0,0.0,6.0,3.0,1.0,12.0,12.0,11.0,2.0,3.0,2.0,0.0,0.0,30.0,5.0,2.0,0.0,0.0,0.0,0.0,11.0,0.0,1.0,1.0,0.0,0.0,1.0,0.0,0.0,0.0,0.0,14.0,October,2020
232,2020-10-30,9851,1185.0,733.0,452.0,272.0,17.0,373.0,118.0,6.0,94.0,27.0,16.0,6.0,38.0,61.0,14.0,1.0,2.0,22.0,0.0,22.0,19.0,51.0,39.0,2.0,0.0,2.0,157.0,17.0,2.0,15.0,8.0,0.0,3.0,10.0,8.0,1.0,0.0,25.0,0.0,3.0,20.0,1.0,0.0,0.0,1.0,1.0,0.0,0.0,0.0,0.0,0.0,0.0,17.0,October,2020
233,2020-10-31,7635,1395.0,879.0,516.0,1087.0,15.0,569.0,147.0,0.0,148.0,7.0,13.0,2.0,15.0,19.0,14.0,1.0,6.0,6.0,1.0,1.0,10.0,60.0,30.0,4.0,11.0,3.0,149.0,26.0,2.0,18.0,1.0,9.0,3.0,0.0,41.0,4.0,0.0,1.0,2.0,27.0,25.0,0.0,0.0,0.0,6.0,0.0,12.0,2.0,0.0,0.0,0.0,0.0,15.0,October,2020
234,2020-11-01,4433,685.0,449.0,236.0,231.0,17.0,202.0,203.0,0.0,18.0,2.0,18.0,0.0,14.0,17.0,95.0,5.0,4.0,0.0,0.0,0.0,0.0,0.0,4.0,3.0,0.0,0.0,18.0,6.0,17.0,0.0,4.0,0.0,0.0,0.0,17.0,8.0,0.0,0.0,0.0,0.0,15.0,0.0,0.0,0.0,4.0,1.0,0.0,0.0,4.0,2.0,4.0,0.0,17.0,November,2020
235,2020-11-02,5085,724.0,454.0,270.0,248.0,14.0,362.0,19.0,1.0,38.0,2.0,33.0,0.0,3.0,10.0,44.0,0.0,2.0,0.0,1.0,0.0,0.0,8.0,0.0,0.0,6.0,2.0,46.0,24.0,0.0,44.0,2.0,0.0,1.0,3.0,8.0,3.0,0.0,0.0,0.0,23.0,8.0,1.0,0.0,0.0,0.0,17.0,0.0,0.0,0.0,2.0,1.0,10.0,14.0,November,2020
236,2020-11-03,3728,491.0,291.0,200.0,404.0,12.0,226.0,70.0,3.0,34.0,2.0,2.0,0.0,2.0,7.0,0.0,2.0,3.0,0.0,2.0,0.0,0.0,16.0,3.0,0.0,3.0,2.0,9.0,22.0,2.0,10.0,0.0,2.0,0.0,0.0,11.0,13.0,0.0,4.0,0.0,7.0,17.0,0.0,7.0,0.0,2.0,0.0,6.0,0.0,0.0,2.0,0.0,0.0,12.0,November,2020
237,2020-11-04,8839,1494.0,870.0,624.0,586.0,12.0,414.0,173.0,0.0,150.0,2.0,0.0,1.0,4.0,28.0,0.0,0.0,14.0,5.0,0.0,0.0,12.0,107.0,10.0,0.0,0.0,0.0,188.0,13.0,10.0,12.0,12.0,0.0,11.0,6.0,50.0,2.0,31.0,9.0,31.0,28.0,31.0,6.0,0.0,3.0,35.0,35.0,3.0,0.0,52.0,0.0,2.0,4.0,12.0,November,2020
238,2020-11-05,6038,1008.0,616.0,392.0,802.0,21.0,417.0,87.0,0.0,51.0,7.0,2.0,21.0,32.0,32.0,8.0,2.0,14.0,2.0,16.0,26.0,10.0,23.0,23.0,6.0,15.0,3.0,35.0,20.0,4.0,7.0,23.0,6.0,5.0,6.0,24.0,1.0,6.0,0.0,1.0,0.0,48.0,0.0,9.0,0.0,1.0,0.0,1.0,1.0,13.0,0.0,0.0,0.0,21.0,November,2020
239,2020-11-06,7153,1109.0,699.0,410.0,938.0,21.0,347.0,198.0,0.0,40.0,11.0,12.0,1.0,25.0,36.0,15.0,1.0,4.0,1.0,0.0,23.0,10.0,69.0,4.0,0.0,29.0,6.0,73.0,17.0,2.0,63.0,0.0,6.0,0.0,1.0,28.0,7.0,0.0,0.0,3.0,14.0,20.0,7.0,3.0,0.0,1.0,11.0,0.0,0.0,20.0,1.0,0.0,0.0,21.0,November,2020
240,2020-11-07,7386,1065.0,661.0,404.0,888.0,10.0,263.0,181.0,1.0,47.0,11.0,5.0,13.0,25.0,53.0,30.0,1.0,6.0,4.0,1.0,18.0,13.0,63.0,30.0,20.0,21.0,4.0,62.0,12.0,1.0,8.0,13.0,5.0,2.0,1.0,36.0,15.0,0.0,0.0,26.0,6.0,38.0,4.0,0.0,3.0,0.0,0.0,0.0,0.0,21.0,2.0,0.0,0.0,10.0,November,2020
241,2020-11-08,4732,719.0,451.0,268.0,912.0,8.0,336.0,84.0,0.0,45.0,0.0,0.0,1.0,17.0,0.0,50.0,4.0,0.0,0.0,1.0,4.0,0.0,0.0,0.0,3.0,20.0,0.0,18.0,9.0,1.0,2.0,2.0,3.0,0.0,0.0,4.0,1.0,0.0,0.0,0.0,1.0,24.0,21.0,14.0,0.0,0.0,20.0,0.0,0.0,33.0,1.0,0.0,0.0,8.0,November,2020
242,2020-11-09,4316,756.0,478.0,278.0,728.0,19.0,371.0,82.0,2.0,52.0,7.0,1.0,5.0,18.0,13.0,39.0,0.0,3.0,1.0,0.0,1.0,0.0,34.0,4.0,4.0,17.0,5.0,14.0,17.0,0.0,8.0,3.0,1.0,2.0,0.0,10.0,0.0,0.0,3.0,0.0,4.0,27.0,1.0,0.0,4.0,1.0,0.0,0.0,1.0,1.0,2.0,1.0,0.0,19.0,November,2020
243,2020-11-10,7162,1344.0,815.0,529.0,436.0,24.0,322.0,133.0,3.0,221.0,11.0,2.0,8.0,8.0,36.0,2.0,4.0,8.0,19.0,32.0,4.0,2.0,66.0,65.0,2.0,12.0,16.0,63.0,30.0,11.0,13.0,4.0,3.0,5.0,2.0,40.0,32.0,3.0,4.0,20.0,72.0,43.0,1.0,11.0,0.0,2.0,0.0,2.0,2.0,5.0,0.0,0.0,0.0,24.0,November,2020
244,2020-11-11,6816,1216.0,726.0,490.0,531.0,26.0,439.0,250.0,0.0,59.0,8.0,17.0,1.0,24.0,30.0,0.0,5.0,3.0,0.0,1.0,1.0,20.0,38.0,0.0,8.0,41.0,11.0,6.0,19.0,0.0,14.0,1.0,0.0,2.0,1.0,63.0,1.0,1.0,0.0,0.0,32.0,24.0,22.0,0.0,0.0,52.0,9.0,0.0,0.0,1.0,0.0,10.0,0.0,26.0,November,2020
245,2020-11-12,6135,919.0,559.0,360.0,414.0,23.0,345.0,98.0,1.0,44.0,5.0,0.0,0.0,1.0,31.0,0.0,2.0,5.0,3.0,1.0,32.0,9.0,24.0,41.0,3.0,17.0,2.0,76.0,10.0,7.0,7.0,1.0,0.0,0.0,0.0,74.0,14.0,6.0,5.0,0.0,2.0,18.0,0.0,0.0,7.0,13.0,1.0,0.0,0.0,9.0,0.0,0.0,5.0,23.0,November,2020
246,2020-11-13,8072,1470.0,986.0,484.0,791.0,25.0,649.0,183.0,3.0,77.0,22.0,7.0,1.0,37.0,17.0,30.0,10.0,4.0,17.0,0.0,4.0,0.0,24.0,75.0,2.0,7.0,5.0,19.0,24.0,2.0,15.0,4.0,1.0,15.0,2.0,124.0,2.0,0.0,13.0,0.0,5.0,31.0,1.0,9.0,9.0,7.0,4.0,0.0,0.0,0.0,1.0,8.0,0.0,25.0,November,2020
247,2020-11-14,8322,1080.0,687.0,393.0,542.0,21.0,216.0,163.0,1.0,30.0,18.0,41.0,16.0,20.0,56.0,23.0,1.0,1.0,1.0,28.0,8.0,5.0,41.0,16.0,0.0,12.0,15.0,103.0,57.0,0.0,8.0,1.0,12.0,1.0,0.0,64.0,1.0,0.0,3.0,60.0,1.0,21.0,0.0,0.0,0.0,1.0,0.0,4.0,1.0,30.0,0.0,0.0,0.0,21.0,November,2020
248,2020-11-15,6648,972.0,583.0,389.0,352.0,20.0,378.0,115.0,0.0,70.0,5.0,4.0,0.0,7.0,8.0,14.0,1.0,16.0,0.0,0.0,2.0,0.0,29.0,0.0,4.0,14.0,3.0,31.0,42.0,3.0,21.0,1.0,7.0,0.0,1.0,139.0,6.0,0.0,0.0,0.0,2.0,23.0,12.0,2.0,0.0,2.0,1.0,1.0,0.0,6.0,2.0,0.0,0.0,20.0,November,2020
249,2020-11-16,3074,559.0,336.0,223.0,478.0,18.0,278.0,41.0,1.0,27.0,0.0,0.0,0.0,4.0,1.0,4.0,1.0,3.0,0.0,0.0,0.0,0.0,15.0,0.0,1.0,6.0,0.0,2.0,16.0,0.0,82.0,0.0,4.0,1.0,0.0,41.0,2.0,1.0,0.0,0.0,0.0,9.0,1.0,3.0,0.0,1.0,3.0,0.0,0.0,0.0,8.0,1.0,2.0,18.0,November,2020
250,2020-11-17,5559,925.0,556.0,369.0,1018.0,15.0,358.0,59.0,9.0,102.0,15.0,13.0,10.0,2.0,29.0,32.0,1.0,2.0,1.0,1.0,1.0,23.0,14.0,2.0,0.0,39.0,0.0,39.0,32.0,9.0,20.0,0.0,7.0,0.0,5.0,28.0,1.0,1.0,0.0,12.0,20.0,25.0,0.0,0.0,8.0,0.0,1.0,3.0,0.0,1.0,0.0,0.0,0.0,15.0,November,2020
251,2020-11-18,6309,957.0,569.0,388.0,2616.0,11.0,368.0,34.0,0.0,40.0,0.0,0.0,0.0,33.0,37.0,1.0,19.0,0.0,0.0,1.0,4.0,18.0,34.0,21.0,31.0,53.0,10.0,28.0,21.0,18.0,0.0,35.0,0.0,4.0,21.0,7.0,2.0,3.0,13.0,0.0,9.0,18.0,41.0,0.0,0.0,4.0,5.0,1.0,0.0,1.0,15.0,0.0,7.0,11.0,November,2020
252,2020-11-19,10146,1459.0,835.0,624.0,780.0,17.0,472.0,108.0,0.0,311.0,29.0,10.0,16.0,29.0,48.0,49.0,8.0,16.0,5.0,0.0,4.0,10.0,53.0,33.0,3.0,11.0,12.0,36.0,11.0,0.0,43.0,0.0,1.0,0.0,2.0,6.0,2.0,0.0,0.0,0.0,63.0,15.0,12.0,0.0,0.0,2.0,13.0,0.0,0.0,8.0,1.0,0.0,17.0,17.0,November,2020
253,2020-11-20,8660,1048.0,594.0,454.0,326.0,19.0,408.0,80.0,6.0,71.0,0.0,15.0,1.0,14.0,25.0,52.0,4.0,5.0,11.0,36.0,3.0,18.0,35.0,84.0,1.0,11.0,9.0,13.0,25.0,3.0,8.0,0.0,2.0,2.0,11.0,10.0,9.0,5.0,2.0,9.0,10.0,23.0,5.0,5.0,0.0,12.0,2.0,0.0,0.0,1.0,0.0,2.0,0.0,19.0,November,2020
254,2020-11-21,9304,1211.0,722.0,489.0,368.0,17.0,410.0,102.0,0.0,42.0,24.0,79.0,12.0,12.0,30.0,28.0,0.0,4.0,0.0,93.0,17.0,9.0,55.0,4.0,11.0,30.0,4.0,40.0,25.0,5.0,25.0,0.0,0.0,2.0,1.0,39.0,4.0,0.0,8.0,0.0,27.0,21.0,7.0,0.0,3.0,3.0,4.0,0.0,1.0,26.0,2.0,2.0,0.0,17.0,November,2020
255,2020-11-22,6610,0.0,0.0,0.0,155.0,14.0,421.0,91.0,0.0,54.0,3.0,14.0,0.0,0.0,11.0,73.0,13.0,16.0,0.0,0.0,1.0,0.0,21.0,1.0,3.0,16.0,2.0,22.0,17.0,0.0,11.0,1.0,11.0,3.0,11.0,88.0,2.0,0.0,4.0,0.0,4.0,30.0,0.0,3.0,0.0,0.0,1.0,0.0,1.0,11.0,0.0,0.0,8.0,14.0,November,2020
256,2020-11-23,3489,413.0,254.0,159.0,396.0,12.0,229.0,46.0,0.0,22.0,9.0,0.0,0.0,1.0,3.0,18.0,4.0,9.0,0.0,0.0,0.0,0.0,15.0,2.0,1.0,4.0,0.0,1.0,12.0,3.0,9.0,0.0,0.0,1.0,0.0,6.0,0.0,0.0,0.0,0.0,3.0,12.0,1.0,0.0,0.0,0.0,0.0,0.0,0.0,0.0,0.0,0.0,2.0,12.0,November,2020
257,2020-11-24,4913,727.0,458.0,269.0,806.0,17.0,306.0,19.0,0.0,122.0,3.0,0.0,0.0,0.0,14.0,21.0,6.0,22.0,0.0,0.0,0.0,4.0,33.0,0.0,0.0,8.0,0.0,7.0,25.0,4.0,0.0,0.0,0.0,0.0,2.0,13.0,6.0,4.0,0.0,5.0,0.0,27.0,38.0,1.0,0.0,0.0,17.0,0.0,0.0,17.0,3.0,0.0,0.0,17.0,November,2020
258,2020-11-25,7387,810.0,475.0,335.0,265.0,8.0,252.0,77.0,3.0,19.0,15.0,15.0,29.0,22.0,22.0,30.0,0.0,19.0,6.0,13.0,0.0,34.0,36.0,30.0,12.0,2.0,9.0,38.0,21.0,1.0,0.0,31.0,0.0,0.0,3.0,9.0,19.0,5.0,1.0,0.0,0.0,15.0,0.0,0.0,2.0,0.0,0.0,4.0,0.0,13.0,0.0,3.0,0.0,8.0,November,2020
259,2020-11-26,6158,780.0,460.0,320.0,552.0,10.0,273.0,86.0,0.0,93.0,0.0,0.0,1.0,0.0,11.0,85.0,0.0,8.0,7.0,0.0,7.0,1.0,20.0,13.0,2.0,8.0,10.0,40.0,3.0,3.0,13.0,0.0,0.0,2.0,4.0,16.0,4.0,0.0,0.0,1.0,8.0,13.0,1.0,0.0,0.0,9.0,1.0,1.0,0.0,32.0,1.0,2.0,1.0,10.0,November,2020
260,2020-11-27,9389,1554.0,950.0,604.0,599.0,14.0,546.0,159.0,3.0,96.0,24.0,7.0,1.0,32.0,44.0,25.0,0.0,15.0,33.0,0.0,9.0,18.0,22.0,68.0,2.0,25.0,6.0,37.0,30.0,6.0,45.0,27.0,0.0,0.0,5.0,153.0,4.0,0.0,0.0,1.0,14.0,29.0,13.0,0.0,16.0,11.0,0.0,12.0,0.0,4.0,10.0,0.0,2.0,14.0,November,2020
261,2020-11-28,8311,949.0,558.0,391.0,274.0,4.0,400.0,71.0,4.0,138.0,30.0,15.0,26.0,49.0,18.0,14.0,1.0,7.0,2.0,1.0,1.0,9.0,2.0,33.0,1.0,7.0,1.0,4.0,24.0,8.0,4.0,0.0,0.0,0.0,9.0,15.0,0.0,0.0,0.0,0.0,9.0,9.0,1.0,0.0,4.0,15.0,0.0,0.0,0.0,9.0,2.0,6.0,0.0,4.0,November,2020
262,2020-11-29,6672,711.0,468.0,243.0,576.0,7.0,190.0,88.0,16.0,17.0,2.0,9.0,0.0,7.0,13.0,21.0,9.0,34.0,1.0,2.0,0.0,0.0,2.0,1.0,5.0,27.0,1.0,78.0,28.0,25.0,10.0,35.0,1.0,0.0,4.0,11.0,5.0,0.0,0.0,1.0,8.0,6.0,30.0,0.0,1.0,1.0,0.0,1.0,0.0,10.0,11.0,0.0,0.0,7.0,November,2020
263,2020-11-30,3038,302.0,191.0,111.0,369.0,17.0,134.0,13.0,0.0,9.0,0.0,0.0,0.0,1.0,17.0,2.0,0.0,1.0,0.0,0.0,0.0,0.0,8.0,1.0,0.0,16.0,0.0,9.0,13.0,2.0,13.0,0.0,0.0,0.0,1.0,1.0,0.0,0.0,0.0,0.0,1.0,26.0,16.0,0.0,0.0,0.0,0.0,1.0,0.0,0.0,0.0,1.0,16.0,17.0,November,2020
264,2020-12-01,4675,0.0,0.0,0.0,266.0,5.0,212.0,35.0,0.0,18.0,0.0,0.0,0.0,1.0,7.0,1.0,0.0,3.0,0.0,0.0,0.0,21.0,8.0,0.0,0.0,33.0,25.0,2.0,22.0,30.0,6.0,14.0,1.0,0.0,0.0,39.0,5.0,0.0,0.0,0.0,1.0,19.0,0.0,2.0,16.0,7.0,6.0,5.0,1.0,11.0,0.0,0.0,0.0,5.0,December,2020
265,2020-12-02,7780,961.0,626.0,335.0,854.0,10.0,203.0,41.0,6.0,23.0,5.0,1.0,9.0,12.0,22.0,40.0,71.0,14.0,1.0,0.0,7.0,6.0,52.0,57.0,13.0,18.0,16.0,118.0,4.0,41.0,2.0,24.0,0.0,2.0,0.0,83.0,7.0,4.0,0.0,5.0,2.0,7.0,1.0,2.0,0.0,5.0,1.0,6.0,0.0,8.0,21.0,0.0,1.0,10.0,December,2020
266,2020-12-03,10170,1253.0,747.0,506.0,11324.0,16.0,326.0,143.0,0.0,86.0,0.0,19.0,0.0,6.0,12.0,7.0,43.0,67.0,11.0,35.0,0.0,18.0,14.0,4.0,10.0,17.0,12.0,26.0,25.0,34.0,45.0,5.0,11.0,0.0,36.0,105.0,6.0,0.0,0.0,0.0,32.0,13.0,24.0,0.0,17.0,20.0,13.0,6.0,0.0,2.0,3.0,0.0,0.0,16.0,December,2020
267,2020-12-04,7815,866.0,525.0,341.0,322.0,6.0,273.0,78.0,3.0,55.0,13.0,8.0,35.0,0.0,27.0,16.0,49.0,4.0,12.0,10.0,0.0,11.0,21.0,18.0,3.0,21.0,2.0,73.0,15.0,4.0,19.0,1.0,0.0,0.0,1.0,23.0,0.0,0.0,1.0,8.0,9.0,23.0,3.0,0.0,3.0,9.0,2.0,0.0,1.0,0.0,1.0,11.0,0.0,6.0,December,2020
268,2020-12-05,7671,735.0,467.0,268.0,422.0,12.0,207.0,83.0,5.0,38.0,15.0,1.0,0.0,40.0,31.0,24.0,13.0,6.0,0.0,0.0,0.0,2.0,10.0,10.0,3.0,20.0,8.0,79.0,12.0,3.0,3.0,13.0,2.0,0.0,12.0,21.0,2.0,0.0,6.0,0.0,7.0,20.0,8.0,0.0,0.0,11.0,5.0,2.0,0.0,8.0,3.0,2.0,0.0,12.0,December,2020
269,2020-12-06,4717,396.0,254.0,142.0,397.0,8.0,154.0,23.0,6.0,40.0,1.0,30.0,0.0,12.0,6.0,31.0,7.0,19.0,0.0,5.0,0.0,0.0,1.0,2.0,0.0,8.0,0.0,14.0,2.0,4.0,3.0,0.0,0.0,0.0,4.0,1.0,0.0,0.0,2.0,0.0,5.0,2.0,0.0,0.0,0.0,0.0,14.0,0.0,0.0,0.0,0.0,0.0,0.0,8.0,December,2020
270,2020-12-07,2416,199.0,123.0,76.0,485.0,5.0,177.0,21.0,0.0,9.0,0.0,0.0,0.0,2.0,1.0,20.0,0.0,3.0,0.0,0.0,0.0,1.0,19.0,0.0,0.0,0.0,0.0,1.0,1.0,1.0,11.0,0.0,0.0,0.0,0.0,7.0,1.0,7.0,4.0,0.0,4.0,4.0,0.0,0.0,0.0,0.0,0.0,0.0,0.0,5.0,0.0,0.0,0.0,5.0,December,2020
271,2020-12-08,4721,521.0,315.0,206.0,425.0,14.0,191.0,17.0,0.0,32.0,0.0,13.0,0.0,2.0,6.0,28.0,11.0,2.0,1.0,0.0,6.0,2.0,22.0,9.0,0.0,14.0,3.0,19.0,1.0,5.0,0.0,1.0,1.0,0.0,5.0,93.0,1.0,0.0,0.0,0.0,4.0,14.0,4.0,0.0,0.0,1.0,0.0,0.0,0.0,0.0,2.0,11.0,0.0,14.0,December,2020
272,2020-12-09,6387,561.0,387.0,174.0,355.0,7.0,189.0,85.0,1.0,19.0,0.0,65.0,0.0,7.0,17.0,36.0,6.0,2.0,0.0,0.0,1.0,1.0,9.0,19.0,2.0,6.0,0.0,11.0,4.0,13.0,1.0,1.0,0.0,1.0,2.0,12.0,19.0,0.0,0.0,0.0,4.0,3.0,0.0,0.0,11.0,1.0,0.0,0.0,0.0,2.0,0.0,2.0,9.0,7.0,December,2020
273,2020-12-10,6811,644.0,407.0,237.0,1060.0,16.0,158.0,67.0,0.0,69.0,4.0,19.0,0.0,15.0,4.0,17.0,7.0,56.0,7.0,0.0,0.0,1.0,12.0,11.0,0.0,2.0,2.0,31.0,5.0,1.0,26.0,0.0,11.0,0.0,13.0,10.0,4.0,1.0,0.0,1.0,19.0,9.0,7.0,0.0,9.0,36.0,1.0,0.0,0.0,4.0,5.0,0.0,0.0,16.0,December,2020
274,2020-12-11,8230,673.0,397.0,276.0,325.0,14.0,211.0,32.0,0.0,21.0,1.0,33.0,15.0,17.0,7.0,41.0,12.0,2.0,0.0,34.0,0.0,1.0,1.0,2.0,4.0,17.0,0.0,113.0,3.0,1.0,12.0,2.0,0.0,0.0,1.0,61.0,2.0,0.0,0.0,1.0,3.0,6.0,0.0,0.0,5.0,4.0,2.0,3.0,0.0,3.0,0.0,0.0,0.0,14.0,December,2020
275,2020-12-12,6953,548.0,354.0,194.0,1017.0,4.0,158.0,27.0,3.0,17.0,7.0,10.0,7.0,13.0,4.0,27.0,0.0,3.0,0.0,0.0,0.0,3.0,15.0,5.0,0.0,3.0,4.0,37.0,4.0,0.0,1.0,0.0,1.0,0.0,1.0,145.0,1.0,2.0,0.0,0.0,1.0,18.0,1.0,0.0,0.0,1.0,1.0,0.0,0.0,20.0,1.0,4.0,3.0,4.0,December,2020
276,2020-12-13,4205,366.0,236.0,130.0,432.0,1.0,142.0,10.0,0.0,42.0,0.0,0.0,0.0,1.0,0.0,6.0,15.0,26.0,0.0,0.0,0.0,0.0,2.0,0.0,0.0,0.0,0.0,6.0,4.0,12.0,5.0,0.0,0.0,0.0,5.0,4.0,2.0,0.0,20.0,0.0,0.0,8.0,2.0,2.0,0.0,2.0,6.0,42.0,0.0,0.0,0.0,0.0,2.0,1.0,December,2020
277,2020-12-14,2283,163.0,84.0,79.0,424.0,6.0,94.0,2.0,1.0,15.0,0.0,1.0,0.0,2.0,3.0,0.0,1.0,3.0,0.0,1.0,3.0,0.0,7.0,0.0,8.0,0.0,0.0,6.0,4.0,1.0,2.0,1.0,1.0,0.0,1.0,0.0,0.0,0.0,1.0,0.0,2.0,2.0,0.0,0.0,0.0,0.0,0.0,0.0,0.0,0.0,1.0,0.0,0.0,6.0,December,2020
278,2020-12-15,4878,404.0,266.0,138.0,527.0,11.0,118.0,66.0,0.0,12.0,0.0,0.0,0.0,1.0,11.0,0.0,1.0,3.0,0.0,0.0,0.0,4.0,0.0,1.0,0.0,5.0,0.0,23.0,2.0,0.0,1.0,0.0,0.0,0.0,26.0,110.0,5.0,0.0,0.0,0.0,0.0,4.0,0.0,0.0,1.0,0.0,0.0,0.0,0.0,9.0,0.0,0.0,1.0,11.0,December,2020
279,2020-12-16,5752,394.0,271.0,123.0,424.0,10.0,167.0,59.0,1.0,12.0,4.0,6.0,5.0,7.0,3.0,0.0,0.0,2.0,0.0,5.0,0.0,6.0,0.0,0.0,1.0,13.0,7.0,5.0,2.0,0.0,5.0,0.0,0.0,0.0,0.0,20.0,21.0,0.0,1.0,0.0,0.0,6.0,0.0,1.0,1.0,32.0,0.0,0.0,0.0,2.0,0.0,0.0,0.0,10.0,December,2020
280,2020-12-17,7013,552.0,346.0,206.0,596.0,4.0,222.0,46.0,4.0,14.0,2.0,5.0,1.0,11.0,5.0,0.0,1.0,9.0,3.0,0.0,0.0,13.0,0.0,3.0,33.0,18.0,0.0,23.0,8.0,12.0,3.0,0.0,0.0,0.0,2.0,21.0,4.0,0.0,3.0,2.0,9.0,1.0,7.0,1.0,25.0,21.0,4.0,0.0,0.0,13.0,0.0,1.0,2.0,4.0,December,2020
281,2020-12-18,5768,356.0,227.0,129.0,275.0,11.0,161.0,66.0,0.0,14.0,5.0,7.0,2.0,0.0,4.0,0.0,0.0,1.0,0.0,0.0,3.0,6.0,1.0,0.0,6.0,8.0,1.0,8.0,1.0,14.0,2.0,0.0,0.0,0.0,4.0,21.0,1.0,0.0,0.0,0.0,1.0,1.0,2.0,0.0,10.0,2.0,0.0,0.0,1.0,0.0,0.0,3.0,0.0,11.0,December,2020
282,2020-12-19,6277,390.0,265.0,125.0,285.0,4.0,103.0,50.0,1.0,10.0,1.0,1.0,0.0,8.0,3.0,4.0,1.0,11.0,0.0,13.0,3.0,2.0,12.0,0.0,1.0,1.0,4.0,48.0,4.0,20.0,9.0,0.0,0.0,0.0,2.0,15.0,0.0,0.0,0.0,6.0,12.0,1.0,27.0,0.0,0.0,1.0,4.0,0.0,0.0,2.0,10.0,0.0,0.0,4.0,December,2020
283,2020-12-20,5025,349.0,230.0,119.0,176.0,6.0,156.0,17.0,0.0,15.0,2.0,0.0,0.0,0.0,0.0,13.0,30.0,6.0,0.0,0.0,2.0,0.0,25.0,0.0,0.0,34.0,7.0,1.0,3.0,1.0,27.0,4.0,1.0,0.0,0.0,0.0,0.0,0.0,0.0,0.0,1.0,1.0,0.0,0.0,0.0,0.0,2.0,0.0,0.0,1.0,0.0,0.0,0.0,6.0,December,2020
284,2020-12-21,2507,114.0,72.0,42.0,325.0,5.0,68.0,4.0,1.0,6.0,1.0,2.0,0.0,0.0,2.0,4.0,0.0,1.0,0.0,0.0,0.0,0.0,1.0,1.0,0.0,4.0,0.0,1.0,5.0,1.0,2.0,1.0,0.0,0.0,0.0,1.0,0.0,0.0,0.0,0.0,0.0,4.0,0.0,0.0,0.0,1.0,1.0,0.0,0.0,0.0,1.0,0.0,1.0,5.0,December,2020
285,2020-12-22,3262,0.0,0.0,0.0,162.0,3.0,50.0,2.0,2.0,15.0,3.0,0.0,0.0,0.0,3.0,9.0,1.0,1.0,0.0,3.0,0.0,3.0,1.0,0.0,1.0,0.0,0.0,3.0,4.0,1.0,8.0,0.0,0.0,0.0,1.0,20.0,0.0,0.0,0.0,0.0,0.0,3.0,0.0,0.0,0.0,0.0,0.0,0.0,0.0,10.0,0.0,0.0,10.0,3.0,December,2020
286,2020-12-23,7593,427.0,256.0,171.0,286.0,1.0,176.0,68.0,0.0,58.0,0.0,5.0,1.0,1.0,12.0,7.0,2.0,6.0,0.0,0.0,0.0,1.0,0.0,0.0,1.0,0.0,3.0,8.0,10.0,2.0,2.0,0.0,0.0,0.0,1.0,14.0,13.0,0.0,0.0,0.0,0.0,10.0,15.0,1.0,5.0,5.0,0.0,0.0,0.0,0.0,0.0,0.0,0.0,1.0,December,2020
287,2020-12-24,3773,236.0,134.0,102.0,212.0,4.0,99.0,49.0,3.0,6.0,3.0,1.0,1.0,7.0,5.0,5.0,0.0,4.0,0.0,5.0,1.0,2.0,0.0,0.0,1.0,0.0,0.0,6.0,2.0,0.0,2.0,0.0,2.0,0.0,2.0,1.0,0.0,0.0,0.0,0.0,0.0,3.0,23.0,0.0,0.0,2.0,0.0,0.0,0.0,0.0,1.0,0.0,0.0,4.0,December,2020
288,2020-12-25,4095,282.0,164.0,118.0,91.0,1.0,143.0,35.0,0.0,18.0,2.0,0.0,0.0,0.0,4.0,0.0,1.0,5.0,0.0,0.0,1.0,2.0,11.0,0.0,0.0,5.0,0.0,10.0,1.0,10.0,3.0,0.0,1.0,1.0,0.0,12.0,1.0,0.0,0.0,0.0,1.0,7.0,1.0,0.0,0.0,0.0,2.0,0.0,0.0,4.0,1.0,0.0,0.0,1.0,December,2020
289,2020-12-26,1973,130.0,81.0,49.0,187.0,2.0,64.0,13.0,0.0,4.0,0.0,3.0,0.0,0.0,3.0,3.0,0.0,9.0,0.0,1.0,0.0,0.0,2.0,0.0,0.0,8.0,0.0,2.0,2.0,0.0,4.0,1.0,0.0,0.0,0.0,2.0,3.0,0.0,0.0,0.0,1.0,1.0,1.0,0.0,0.0,1.0,0.0,0.0,0.0,0.0,0.0,0.0,2.0,2.0,December,2020
290,2020-12-27,1601,80.0,51.0,29.0,425.0,3.0,55.0,0.0,0.0,4.0,0.0,0.0,0.0,0.0,0.0,7.0,0.0,3.0,0.0,0.0,0.0,0.0,0.0,1.0,0.0,0.0,0.0,1.0,0.0,0.0,0.0,0.0,0.0,0.0,0.0,2.0,0.0,0.0,0.0,0.0,0.0,1.0,1.0,0.0,5.0,0.0,0.0,0.0,0.0,0.0,0.0,0.0,0.0,3.0,December,2020
291,2020-12-28,1987,69.0,40.0,29.0,98.0,6.0,44.0,5.0,0.0,1.0,0.0,0.0,1.0,0.0,0.0,5.0,0.0,0.0,0.0,0.0,0.0,0.0,0.0,0.0,0.0,0.0,0.0,1.0,1.0,0.0,1.0,1.0,0.0,0.0,0.0,5.0,0.0,0.0,0.0,0.0,0.0,3.0,1.0,0.0,0.0,0.0,0.0,0.0,0.0,0.0,0.0,0.0,0.0,6.0,December,2020
292,2020-12-29,3043,147.0,115.0,32.0,138.0,1.0,47.0,27.0,0.0,5.0,3.0,0.0,0.0,0.0,2.0,10.0,3.0,12.0,0.0,0.0,0.0,0.0,1.0,0.0,0.0,0.0,0.0,12.0,1.0,0.0,0.0,1.0,0.0,0.0,14.0,2.0,2.0,0.0,0.0,0.0,0.0,2.0,0.0,0.0,0.0,0.0,2.0,0.0,0.0,1.0,0.0,0.0,0.0,1.0,December,2020
293,2020-12-30,3327,112.0,69.0,43.0,816.0,2.0,53.0,23.0,0.0,1.0,0.0,7.0,0.0,7.0,2.0,2.0,0.0,0.0,0.0,0.0,0.0,1.0,1.0,0.0,0.0,1.0,0.0,1.0,1.0,0.0,0.0,0.0,0.0,0.0,0.0,7.0,1.0,0.0,0.0,0.0,0.0,2.0,0.0,0.0,2.0,0.0,0.0,0.0,0.0,0.0,0.0,0.0,0.0,2.0,December,2020
294,2020-12-31,4988,0.0,0.0,0.0,262.0,3.0,93.0,11.0,2.0,11.0,0.0,16.0,0.0,3.0,3.0,5.0,0.0,0.0,0.0,0.0,3.0,1.0,14.0,0.0,8.0,0.0,3.0,11.0,2.0,0.0,0.0,0.0,0.0,0.0,5.0,2.0,3.0,0.0,0.0,0.0,0.0,5.0,0.0,1.0,0.0,2.0,1.0,0.0,0.0,0.0,2.0,0.0,0.0,3.0,December,2020
295,2021-01-01,4317,0.0,0.0,0.0,65.0,11.0,57.0,23.0,0.0,13.0,0.0,0.0,0.0,0.0,1.0,15.0,0.0,9.0,0.0,0.0,3.0,0.0,4.0,0.0,1.0,4.0,1.0,5.0,7.0,1.0,2.0,0.0,0.0,0.0,1.0,0.0,1.0,0.0,0.0,0.0,0.0,4.0,4.0,0.0,0.0,0.0,0.0,0.0,0.0,0.0,0.0,0.0,0.0,11.0,January,2021
296,2021-01-02,1852,64.0,35.0,29.0,55.0,4.0,34.0,2.0,0.0,1.0,5.0,0.0,0.0,0.0,0.0,2.0,0.0,0.0,0.0,0.0,0.0,1.0,1.0,0.0,0.0,0.0,0.0,1.0,3.0,1.0,3.0,1.0,0.0,0.0,0.0,1.0,0.0,0.0,0.0,0.0,5.0,1.0,0.0,0.0,0.0,2.0,0.0,0.0,0.0,0.0,0.0,0.0,0.0,4.0,January,2021
297,2021-01-03,2855,124.0,72.0,52.0,216.0,0.0,67.0,5.0,0.0,1.0,0.0,0.0,0.0,0.0,1.0,12.0,1.0,5.0,0.0,0.0,0.0,0.0,3.0,0.0,0.0,0.0,0.0,6.0,4.0,0.0,2.0,0.0,0.0,0.0,3.0,0.0,0.0,0.0,1.0,0.0,0.0,0.0,0.0,0.0,8.0,2.0,0.0,0.0,0.0,0.0,3.0,0.0,0.0,0.0,January,2021
298,2021-01-04,3315,0.0,0.0,0.0,184.0,1.0,87.0,2.0,0.0,3.0,0.0,0.0,0.0,0.0,0.0,2.0,0.0,0.0,0.0,0.0,0.0,0.0,5.0,1.0,0.0,0.0,0.0,0.0,1.0,0.0,1.0,0.0,0.0,0.0,1.0,1.0,0.0,0.0,0.0,0.0,0.0,2.0,0.0,0.0,0.0,0.0,0.0,0.0,0.0,0.0,0.0,0.0,0.0,1.0,January,2021
299,2021-01-05,5413,0.0,0.0,0.0,100.0,4.0,141.0,26.0,0.0,4.0,0.0,0.0,0.0,0.0,6.0,0.0,1.0,1.0,0.0,0.0,0.0,1.0,7.0,0.0,0.0,0.0,1.0,4.0,5.0,0.0,3.0,1.0,0.0,3.0,0.0,2.0,4.0,0.0,0.0,0.0,0.0,3.0,0.0,0.0,0.0,5.0,0.0,0.0,0.0,1.0,0.0,0.0,0.0,4.0,January,2021
300,2021-01-06,5830,271.0,143.0,128.0,690.0,4.0,117.0,9.0,0.0,5.0,3.0,21.0,0.0,0.0,8.0,11.0,0.0,0.0,0.0,1.0,0.0,1.0,0.0,0.0,5.0,0.0,0.0,10.0,15.0,4.0,44.0,0.0,0.0,0.0,0.0,12.0,1.0,0.0,0.0,0.0,0.0,3.0,0.0,0.0,1.0,0.0,0.0,0.0,0.0,0.0,0.0,0.0,0.0,4.0,January,2021
301,2021-01-07,5424,0.0,0.0,0.0,340.0,8.0,102.0,12.0,0.0,11.0,0.0,0.0,0.0,0.0,0.0,9.0,6.0,1.0,0.0,9.0,0.0,3.0,3.0,0.0,0.0,19.0,0.0,9.0,5.0,13.0,46.0,9.0,0.0,0.0,40.0,2.0,0.0,0.0,1.0,0.0,3.0,14.0,4.0,0.0,0.0,1.0,0.0,8.0,0.0,4.0,0.0,0.0,1.0,8.0,January,2021
